Accident_Index,Age_Band_of_Driver,Age_of_Vehicle,Driver_Home_Area_Type,Driver_IMD_Decile,Engine_Capacity_.CC.,Hit_Object_in_Carriageway,Hit_Object_off_Carriageway,Journey_Purpose_of_Driver,Junction_Location,make,model,Propulsion_Code,Sex_of_Driver,Skidding_and_Overturning,Towing_and_Articulation,Vehicle_Leaving_Carriageway,Vehicle_Location.Restricted_Lane,Vehicle_Manoeuvre,Vehicle_Reference,Vehicle_Type,Was_Vehicle_Left_Hand_Drive,X1st_Point_of_Impact,Year
200401BS00001,26 - 35,3,Urban area,4,1588,None,None,Data missing or out of range,Data missing or out of range,ROVER,45 CLASSIC 16V,Petrol,Male,None,No tow/articulation,Did not leave carriageway,0,Going ahead other,2,109,Data missing or out of range,Front,2004
200401BS00002,26 - 35,NA,Urban area,3,NA,None,None,Data missing or out of range,Data missing or out of range,BMW,C1,NA,Male,None,No tow/articulation,Did not leave carriageway,0,Going ahead other,1,109,Data missing or out of range,Front,2004
200401BS00003,26 - 35,4,Data missing or out of range,NA,998,None,None,Data missing or out of range,Data missing or out of range,NISSAN,MICRA CELEBRATION 16V,Petrol,Male,None,No tow/articulation,Did not leave carriageway,0,Turning right,1,109,Data missing or out of range,Front,2004
200401BS00003,66 - 75,NA,Data missing or out of range,NA,NA,None,None,Data missing or out of range,Data missing or out of range,LONDON TAXIS INT,TXII GOLD AUTO,NA,Male,None,No tow/articulation,Did not leave carriageway,0,Going ahead other,2,109,Data missing or out of range,Front,2004
200401BS00004,26 - 35,1,Urban area,4,124,None,None,Data missing or out of range,Data missing or out of range,PIAGGIO,VESPA ET4,Petrol,Male,None,No tow/articulation,Did not leave carriageway,0,Going ahead other,1,Motorcycle 125cc and under,Data missing or out of range,Front,2004
200401BS00004,36 - 45,10,Data missing or out of range,NA,1781,None,None,Data missing or out of range,Data missing or out of range,VOLKSWAGEN,,Petrol,Male,None,No tow/articulation,Did not leave carriageway,0,U-turn,2,109,Data missing or out of range,Offside,2004
200401BS00009,26 - 35,NA,Urban area,4,NA,None,None,Data missing or out of range,Data missing or out of range,PIAGGIO,VESPA GT 125,NA,Male,Skidded,No tow/articulation,Did not leave carriageway,0,Going ahead other,1,Motorcycle 125cc and under,Data missing or out of range,Did not impact,2004
200401BS00010,36 - 45,NA,Urban area,8,NA,None,None,Data missing or out of range,Data missing or out of range,BMW,R1100 RT,NA,Male,None,No tow/articulation,Did not leave carriageway,0,Turning right,1,109,Data missing or out of range,Front,2004
200401BS00012,46 - 55,3,Data missing or out of range,NA,2685,None,None,Data missing or out of range,Data missing or out of range,MERCEDES,,Heavy oil,Male,None,No tow/articulation,Did not leave carriageway,0,Slowing or stopping,1,109,Data missing or out of range,Back,2004
200401BS00013,26 - 35,4,Urban area,6,2300,None,None,Data missing or out of range,Data missing or out of range,VOLKSWAGEN,GOLF V5,Petrol,Female,None,No tow/articulation,Did not leave carriageway,0,Turning right,1,109,Data missing or out of range,Offside,2004
200401BS00013,21 - 25,3,Urban area,8,2402,None,None,Data missing or out of range,Data missing or out of range,FORD,TRANSIT 350 LWB TD,Heavy oil,Male,None,No tow/articulation,Did not leave carriageway,0,Going ahead right-hand bend,2,Van / Goods 3.5 tonnes mgw or under,Data missing or out of range,Front,2004
200401BS00021,36 - 45,2,Data missing or out of range,NA,8268,None,None,Data missing or out of range,Data missing or out of range,DENNIS,,Heavy oil,Male,None,No tow/articulation,Did not leave carriageway,0,Going ahead other,2,Bus or coach (17 or more pass seats),Data missing or out of range,Nearside,2004
200401BS00022,36 - 45,11,Data missing or out of range,NA,1998,None,None,Data missing or out of range,Data missing or out of range,VAUXHALL,CAVALIER LS AUTO,Petrol,Male,None,No tow/articulation,Did not leave carriageway,0,Going ahead other,1,109,Data missing or out of range,Front,2004
200401BS00028,Data missing or out of range,6,Data missing or out of range,NA,NA,None,None,Data missing or out of range,Data missing or out of range,DENNIS,,Heavy oil,Not known,None,No tow/articulation,Did not leave carriageway,0,Moving off,1,Bus or coach (17 or more pass seats),Data missing or out of range,Nearside,2004
200401BS00030,Data missing or out of range,1,Urban area,10,6370,None,None,Data missing or out of range,Data missing or out of range,MERCEDES,,Heavy oil,Male,None,No tow/articulation,Did not leave carriageway,0,Going ahead other,2,Goods 7.5 tonnes mgw and over,Data missing or out of range,Front,2004
200401BS00033,Data missing or out of range,NA,Data missing or out of range,NA,NA,None,None,Data missing or out of range,Data missing or out of range,MAN,,NA,Not known,None,No tow/articulation,Did not leave carriageway,0,Going ahead other,2,Goods 7.5 tonnes mgw and over,Data missing or out of range,Nearside,2004
200401BS00038,26 - 35,6,Urban area,8,1984,None,None,Data missing or out of range,Data missing or out of range,VOLKSWAGEN,GOLF GL AUTO,Petrol,Male,None,No tow/articulation,Did not leave carriageway,0,Turning right,2,109,Data missing or out of range,Front,2004
200401BS00041,16 - 20,NA,Urban area,7,NA,None,None,Data missing or out of range,Data missing or out of range,PIAGGIO,VESPA ET4,NA,Male,None,No tow/articulation,Did not leave carriageway,0,Going ahead other,1,Motorcycle 125cc and under,Data missing or out of range,Data missing or out of range,2004
200401BS00044,Data missing or out of range,6,Urban area,5,2664,None,None,Data missing or out of range,Data missing or out of range,LONDON TAXIS INT,TX1 BRONZE AUTO,Heavy oil,Female,None,No tow/articulation,Did not leave carriageway,0,Moving off,2,108,Data missing or out of range,Offside,2004
200401BS00045,36 - 45,2,Data missing or out of range,NA,2979,None,None,Data missing or out of range,Data missing or out of range,BMW,330 CI SPORT AUTO,Petrol,Male,None,No tow/articulation,Did not leave carriageway,0,Waiting to go - held up,1,109,Data missing or out of range,Back,2004
200401BS00048,26 - 35,9,Data missing or out of range,NA,5480,None,None,Data missing or out of range,Data missing or out of range,VOLVO,,Heavy oil,Male,None,No tow/articulation,Did not leave carriageway,0,Waiting to go - held up,2,Van / Goods 3.5 tonnes mgw or under,Data missing or out of range,Back,2004
200401BS00050,26 - 35,5,Urban area,3,1242,None,None,Data missing or out of range,Data missing or out of range,FIAT,PUNTO 60 TEAM,Petrol,Male,None,No tow/articulation,Did not leave carriageway,0,Going ahead other,2,109,Data missing or out of range,Front,2004
200401BS00051,56 - 65,3,Urban area,8,1998,None,None,Data missing or out of range,Data missing or out of range,RENAULT,MEGANE SCENIC DYNAM+ AUTO,Petrol,Male,None,No tow/articulation,Did not leave carriageway,0,Going ahead other,2,109,Data missing or out of range,Front,2004
200401BS00052,46 - 55,13,Urban area,2,2309,None,None,Data missing or out of range,Data missing or out of range,AUDI,100E AUTO,Petrol,Male,None,No tow/articulation,Did not leave carriageway,0,Going ahead other,2,109,Data missing or out of range,Front,2004
200401BS00053,Data missing or out of range,11,Data missing or out of range,NA,1995,None,None,Data missing or out of range,Data missing or out of range,MAZDA,XEDOS 6 SE A,Petrol,Not known,None,No tow/articulation,Did not leave carriageway,0,Going ahead other,2,109,Data missing or out of range,Front,2004
200401BS00059,56 - 65,15,Rural,5,4973,None,None,Data missing or out of range,Data missing or out of range,MERCEDES,500 SEL AUTO,Petrol,Male,None,No tow/articulation,Did not leave carriageway,0,Waiting to go - held up,1,109,Data missing or out of range,Back,2004
200401BS00061,Data missing or out of range,11,Data missing or out of range,NA,1997,None,None,Data missing or out of range,Data missing or out of range,ROVER,620 SI AUTO,Petrol,Male,None,No tow/articulation,Did not leave carriageway,0,Going ahead other,2,109,Data missing or out of range,Data missing or out of range,2004
200401BS00064,46 - 55,NA,Urban area,8,NA,None,None,Data missing or out of range,Data missing or out of range,MAN,,NA,Male,None,No tow/articulation,Did not leave carriageway,0,Going ahead other,2,Goods 7.5 tonnes mgw and over,Data missing or out of range,Front,2004
200401BS00065,26 - 35,NA,Urban area,5,NA,None,None,Data missing or out of range,Data missing or out of range,PIAGGIO,ET2,NA,Male,None,No tow/articulation,Did not leave carriageway,0,Going ahead other,1,Motorcycle 50cc and under,Data missing or out of range,Did not impact,2004
200401BS00069,26 - 35,NA,Urban area,NA,NA,Parked vehicle,None,Data missing or out of range,Data missing or out of range,HONDA,SGX50,NA,Male,None,No tow/articulation,Did not leave carriageway,0,Going ahead other,1,Motorcycle 50cc and under,Data missing or out of range,Front,2004
200401BS00069,Data missing or out of range,4,Data missing or out of range,NA,1896,None,None,Data missing or out of range,Data missing or out of range,VOLKSWAGEN,GOLF E SDI,Heavy oil,Not known,None,No tow/articulation,Did not leave carriageway,0,Parked,2,109,Data missing or out of range,Back,2004
200401BS00075,21 - 25,6,Urban area,5,NA,None,None,Data missing or out of range,Data missing or out of range,DENNIS,,Heavy oil,Male,None,No tow/articulation,Did not leave carriageway,0,Moving off,1,Bus or coach (17 or more pass seats),Data missing or out of range,Did not impact,2004
200401BS00078,21 - 25,3,Urban area,NA,8268,None,None,Data missing or out of range,Data missing or out of range,DENNIS,,Heavy oil,Male,None,No tow/articulation,Did not leave carriageway,0,Going ahead other,2,Bus or coach (17 or more pass seats),Data missing or out of range,Nearside,2004
200401BS00080,Data missing or out of range,13,Data missing or out of range,NA,1984,None,None,Data missing or out of range,Data missing or out of range,VOLKSWAGEN,PASSAT GL INJ AUTO,Petrol,Male,None,No tow/articulation,Did not leave carriageway,0,Going ahead other,2,109,Data missing or out of range,Front,2004
200401BS00081,26 - 35,2,Urban area,1,1995,None,None,Data missing or out of range,Data missing or out of range,CHRYSLER,STREET CRUISER SERIES 1 AUT,Petrol,Female,None,No tow/articulation,Did not leave carriageway,0,Going ahead other,2,109,Data missing or out of range,Offside,2004
200401BS00082,46 - 55,NA,Urban area,6,NA,None,None,Data missing or out of range,Data missing or out of range,ISUZU,,NA,Male,None,No tow/articulation,Did not leave carriageway,0,Waiting to go - held up,2,Van / Goods 3.5 tonnes mgw or under,Data missing or out of range,Back,2004
200401BS00082,36 - 45,5,Urban area,7,3950,None,None,Data missing or out of range,Data missing or out of range,LAND ROVER,DISCOVERY V8I ES AUTO,Petrol,Female,None,No tow/articulation,Did not leave carriageway,0,Going ahead other,3,109,Data missing or out of range,Front,2004
200401BS00085,26 - 35,2,Data missing or out of range,NA,1781,None,None,Data missing or out of range,Data missing or out of range,VOLKSWAGEN,GOLF ANNIVERSARY T,Petrol,Male,None,No tow/articulation,Did not leave carriageway,0,Going ahead other,1,109,Data missing or out of range,Front,2004
200401BS00086,26 - 35,NA,Urban area,4,NA,None,None,Data missing or out of range,Data missing or out of range,YAMAHA,,NA,Male,None,No tow/articulation,Did not leave carriageway,0,Going ahead other,1,Motorcycle 50cc and under,Data missing or out of range,Front,2004
200401BS00089,36 - 45,2,Urban area,9,1984,Kerb,None,Data missing or out of range,Data missing or out of range,AUDI,A4 SPORT AUTO,Petrol,Male,None,No tow/articulation,Offside,0,Going ahead other,1,109,Data missing or out of range,Nearside,2004
200401BS00090,36 - 45,3,Urban area,9,1598,None,None,Data missing or out of range,Data missing or out of range,VOLKSWAGEN,,Petrol,Female,None,No tow/articulation,Did not leave carriageway,0,Parked,1,109,Data missing or out of range,Back,2004
200401BS00091,36 - 45,4,Urban area,10,2664,None,None,Data missing or out of range,Data missing or out of range,LONDON TAXIS INT,TX1 SILVER AUTO,Heavy oil,Male,None,No tow/articulation,Did not leave carriageway,0,Going ahead other,1,108,Data missing or out of range,Front,2004
200401BS00091,36 - 45,1,Data missing or out of range,NA,1598,None,None,Data missing or out of range,Data missing or out of range,MINI,MINI ONE AUTO,Petrol,Female,None,No tow/articulation,Did not leave carriageway,0,U-turn,2,109,Data missing or out of range,Offside,2004
200401BS00092,36 - 45,3,Urban area,6,1598,None,None,Data missing or out of range,Data missing or out of range,MERCEDES,A160 AVANTGARDE AUTO,Petrol,Female,None,No tow/articulation,Did not leave carriageway,0,Going ahead other,1,109,Data missing or out of range,Front,2004
200401BS00093,Data missing or out of range,3,Data missing or out of range,NA,1389,None,None,Data missing or out of range,Data missing or out of range,VAUXHALL,CORSA ELEGANCE 16V,Petrol,Male,None,No tow/articulation,Did not leave carriageway,0,U-turn,2,109,Data missing or out of range,Front,2004
200401BS00094,26 - 35,1,Urban area,6,2435,None,None,Data missing or out of range,Data missing or out of range,VOLVO,V70 S 20V AUTO,Petrol,Male,None,No tow/articulation,Did not leave carriageway,0,Going ahead left-hand bend,1,109,Data missing or out of range,Offside,2004
200401BS00095,26 - 35,7,Small town,6,498,None,None,Data missing or out of range,Data missing or out of range,KAWASAKI,EX500-D3,Petrol,Male,None,No tow/articulation,Did not leave carriageway,0,Going ahead other,1,106,Data missing or out of range,Front,2004
200401BS00095,36 - 45,7,Urban area,4,2793,None,None,Data missing or out of range,Data missing or out of range,BMW,328I TOURING,Petrol,Male,None,No tow/articulation,Did not leave carriageway,0,Turning right,2,109,Data missing or out of range,Front,2004
200401BS00102,26 - 35,4,Urban area,4,124,None,None,Data missing or out of range,Data missing or out of range,PIAGGIO,VESPA ET4,Petrol,Male,None,No tow/articulation,Did not leave carriageway,0,Overtaking moving vehicle - offside,1,Motorcycle 125cc and under,Data missing or out of range,Nearside,2004
200401BS00103,26 - 35,12,Urban area,7,553,None,None,Data missing or out of range,Data missing or out of range,KAWASAKI,Z550-G7,Petrol,Male,None,No tow/articulation,Did not leave carriageway,0,Changing lane to right,1,106,Data missing or out of range,Front,2004
200401BS00104,16 - 20,1,Urban area,2,848,None,None,Data missing or out of range,Data missing or out of range,BMW,R 850 R MU,Petrol,Male,None,No tow/articulation,Did not leave carriageway,0,Going ahead other,1,106,Data missing or out of range,Offside,2004
200401BS00105,26 - 35,1,Urban area,5,198,None,None,Data missing or out of range,Data missing or out of range,GILERA,RUNNER 200,Petrol,Male,None,No tow/articulation,Did not leave carriageway,0,Overtaking moving vehicle - offside,1,106,Data missing or out of range,Front,2004
200401BS00106,36 - 45,8,Data missing or out of range,NA,124,None,None,Data missing or out of range,Data missing or out of range,PIAGGIO,HEXAGON,Petrol,Male,None,No tow/articulation,Did not leave carriageway,0,Waiting to turn right,1,Motorcycle 125cc and under,Data missing or out of range,Back,2004
200401BS00107,36 - 45,8,Urban area,7,849,None,None,Data missing or out of range,Data missing or out of range,YAMAHA,,Petrol,Male,None,No tow/articulation,Did not leave carriageway,0,Overtaking moving vehicle - offside,1,106,Data missing or out of range,Front,2004
200401BS00107,36 - 45,3,Urban area,7,1985,None,None,Data missing or out of range,Data missing or out of range,SAAB,9-3 SE TURBO,Petrol,Female,None,No tow/articulation,Did not leave carriageway,0,Turning right,2,109,Data missing or out of range,Offside,2004
200401BS00112,46 - 55,1,Urban area,9,1796,None,None,Data missing or out of range,Data missing or out of range,ROVER,45 IMPRESSION S3 CVT,Petrol,Male,None,No tow/articulation,Did not leave carriageway,0,Turning right,1,109,Data missing or out of range,Front,2004
200401BS00117,26 - 35,1,Data missing or out of range,NA,7300,None,None,Data missing or out of range,Data missing or out of range,VOLVO,,Heavy oil,Female,None,No tow/articulation,Did not leave carriageway,0,Going ahead other,1,Bus or coach (17 or more pass seats),Data missing or out of range,Did not impact,2004
200401BS00118,Data missing or out of range,6,Data missing or out of range,NA,1905,None,None,Data missing or out of range,Data missing or out of range,CITROEN,,Heavy oil,Male,None,No tow/articulation,Did not leave carriageway,0,Going ahead other,2,109,Data missing or out of range,Front,2004
200401BS00128,36 - 45,NA,Urban area,7,NA,None,None,Data missing or out of range,Data missing or out of range,MASERATI,3200 GT AUTO,NA,Male,None,No tow/articulation,Did not leave carriageway,0,Going ahead other,1,Bus or coach (17 or more pass seats),Data missing or out of range,Front,2004
200401BS00131,36 - 45,1,Data missing or out of range,NA,7300,None,None,Data missing or out of range,Data missing or out of range,VOLVO,,Heavy oil,Male,None,No tow/articulation,Did not leave carriageway,0,Slowing or stopping,1,Bus or coach (17 or more pass seats),Data missing or out of range,Did not impact,2004
200401BS00132,66 - 75,5,Urban area,3,2664,None,None,Data missing or out of range,Data missing or out of range,LONDON TAXIS INT,TX1 BRONZE AUTO,Heavy oil,Male,None,No tow/articulation,Did not leave carriageway,0,Going ahead other,1,108,Data missing or out of range,Offside,2004
200401BS00133,26 - 35,2,Data missing or out of range,NA,NA,None,None,Data missing or out of range,Data missing or out of range,DENNIS,,Heavy oil,Male,None,No tow/articulation,Did not leave carriageway,0,Slowing or stopping,1,Bus or coach (17 or more pass seats),Data missing or out of range,Did not impact,2004
200401BS00134,46 - 55,9,Urban area,7,2212,None,None,Data missing or out of range,Data missing or out of range,SUBARU,LEGACY GX 4WD AUTO,Petrol,Female,None,No tow/articulation,Did not leave carriageway,0,Going ahead other,2,109,Data missing or out of range,Nearside,2004
200401BS00138,21 - 25,NA,Data missing or out of range,NA,NA,None,None,Data missing or out of range,Data missing or out of range,HONDA,SH50,NA,Male,None,No tow/articulation,Did not leave carriageway,0,Going ahead other,1,Motorcycle 50cc and under,Data missing or out of range,Nearside,2004
200401BS00138,56 - 65,5,Data missing or out of range,NA,4266,None,None,Data missing or out of range,Data missing or out of range,MERCEDES,S430 AUTO,Petrol,Male,None,No tow/articulation,Did not leave carriageway,0,Going ahead other,2,109,Data missing or out of range,Offside,2004
200401BS00139,26 - 35,3,Urban area,6,599,None,None,Data missing or out of range,Data missing or out of range,HONDA,CB600 HORNET,Petrol,Male,None,No tow/articulation,Did not leave carriageway,0,Turning right,2,106,Data missing or out of range,Front,2004
200401BS00140,21 - 25,6,Urban area,7,NA,None,None,Data missing or out of range,Data missing or out of range,DENNIS,,Heavy oil,Male,None,No tow/articulation,Did not leave carriageway,0,Going ahead other,1,Bus or coach (17 or more pass seats),Data missing or out of range,Offside,2004
200401BS00142,66 - 75,5,Urban area,5,2664,None,None,Data missing or out of range,Data missing or out of range,LONDON TAXIS INT,TX1 SILVER AUTO,Heavy oil,Male,None,No tow/articulation,Did not leave carriageway,0,Turning right,1,108,Data missing or out of range,Nearside,2004
200401BS00144,16 - 20,16,Urban area,8,399,None,None,Data missing or out of range,Data missing or out of range,HONDA,,Petrol,Male,None,No tow/articulation,Did not leave carriageway,0,Going ahead other,1,106,Data missing or out of range,Front,2004
200401BS00144,56 - 65,4,Data missing or out of range,NA,2496,None,None,Data missing or out of range,Data missing or out of range,AUDI,A6 TDI QUATTRO SPORT AUTO,Heavy oil,Male,None,No tow/articulation,Did not leave carriageway,0,Turning right,2,109,Data missing or out of range,Offside,2004
200401BS00146,26 - 35,12,Data missing or out of range,NA,998,None,None,Data missing or out of range,Data missing or out of range,NISSAN,,Petrol,Female,None,No tow/articulation,Did not leave carriageway,0,Going ahead other,1,109,Data missing or out of range,Offside,2004
200401BS00146,Data missing or out of range,7,Data missing or out of range,NA,1581,None,None,Data missing or out of range,Data missing or out of range,FIAT,PUNTO 90 ELX CABRIO,Petrol,Male,None,No tow/articulation,Did not leave carriageway,0,Waiting to go - held up,2,109,Data missing or out of range,Back,2004
200401BS00150,56 - 65,9,Urban area,6,2316,None,None,Data missing or out of range,Data missing or out of range,VOLVO,940 SE TURBO AUTO,Petrol,Male,None,No tow/articulation,Did not leave carriageway,0,Turning right,1,109,Data missing or out of range,Front,2004
200401BS00150,16 - 20,3,Urban area,9,748,None,None,Data missing or out of range,Data missing or out of range,DUCATI,,Petrol,Male,Skidded,No tow/articulation,Did not leave carriageway,0,Going ahead other,2,106,Data missing or out of range,Front,2004
200401BS00153,46 - 55,NA,Urban area,6,NA,None,None,Data missing or out of range,Data missing or out of range,VOLVO,480 ES S/R,NA,Male,None,No tow/articulation,Did not leave carriageway,0,Going ahead other,2,108,Data missing or out of range,Front,2004
200401BS00154,56 - 65,3,Urban area,8,2664,None,None,Data missing or out of range,Data missing or out of range,LONDON TAXIS INT,TX1 BRONZE AUTO,Heavy oil,Male,None,No tow/articulation,Did not leave carriageway,0,Going ahead other,1,108,Data missing or out of range,Front,2004
200401BS00155,36 - 45,16,Urban area,4,970,None,None,Data missing or out of range,Data missing or out of range,BEDFORD,99 170,Petrol,Male,None,No tow/articulation,Did not leave carriageway,0,Waiting to go - held up,2,Van / Goods 3.5 tonnes mgw or under,Data missing or out of range,Back,2004
200401BS00158,36 - 45,NA,Urban area,2,1997,None,None,Data missing or out of range,Data missing or out of range,PEUGEOT,307 S HDI 90,Heavy oil,Male,None,No tow/articulation,Did not leave carriageway,0,Going ahead other,2,109,Data missing or out of range,Front,2004
200401BS00159,26 - 35,4,Urban area,5,49,None,None,Data missing or out of range,Data missing or out of range,APRILIA,,Petrol,Male,None,No tow/articulation,Did not leave carriageway,0,Going ahead other,2,Motorcycle 50cc and under,Data missing or out of range,Front,2004
200401BS00160,56 - 65,3,Small town,8,1998,None,None,Data missing or out of range,Data missing or out of range,MERCEDES,C180 AVANTGARDE AUTO,Petrol,Female,None,No tow/articulation,Did not leave carriageway,0,Going ahead right-hand bend,1,109,Data missing or out of range,Nearside,2004
200401BS00165,36 - 45,13,Urban area,5,1188,None,None,Data missing or out of range,Data missing or out of range,YAMAHA,,Petrol,Male,None,No tow/articulation,Did not leave carriageway,0,Going ahead other,1,106,Data missing or out of range,Front,2004
200401BS00165,26 - 35,14,Data missing or out of range,NA,10,None,None,Data missing or out of range,Data missing or out of range,LEYLAND,,Heavy oil,Male,None,No tow/articulation,Did not leave carriageway,0,Going ahead other,2,Bus or coach (17 or more pass seats),Data missing or out of range,Offside,2004
200401BS00166,Data missing or out of range,2,Data missing or out of range,NA,1998,None,None,Data missing or out of range,Data missing or out of range,FORD,TRANSIT 280 MWB TD,Heavy oil,Not known,None,No tow/articulation,Did not leave carriageway,0,Turning left,2,Van / Goods 3.5 tonnes mgw or under,Data missing or out of range,Nearside,2004
200401BS00167,26 - 35,2,Urban area,3,1997,None,None,Data missing or out of range,Data missing or out of range,CITROEN,XSARA PICASSO SX HDI,Heavy oil,Female,None,No tow/articulation,Did not leave carriageway,0,Going ahead other,2,109,Data missing or out of range,Front,2004
200401BS00168,66 - 75,6,Urban area,2,1242,Parked vehicle,None,Data missing or out of range,Data missing or out of range,FORD,FIESTA GHIA 16V AUTO,Petrol,Female,None,No tow/articulation,Did not leave carriageway,0,Going ahead other,1,109,Data missing or out of range,Front,2004
200401BS00171,26 - 35,2,Data missing or out of range,NA,3226,None,None,Data missing or out of range,Data missing or out of range,MERCEDES,E320 CDI AVANTGARDE AUTO,Heavy oil,Male,None,No tow/articulation,Did not leave carriageway,0,Waiting to go - held up,1,109,Data missing or out of range,Back,2004
200401BS00171,26 - 35,5,Urban area,2,49,None,None,Data missing or out of range,Data missing or out of range,APRILIA,,Petrol,Male,None,No tow/articulation,Did not leave carriageway,0,Going ahead other,2,Motorcycle 50cc and under,Data missing or out of range,Front,2004
200401BS00174,26 - 35,NA,Data missing or out of range,NA,NA,None,None,Data missing or out of range,Data missing or out of range,VOLVO,,NA,Male,None,No tow/articulation,Did not leave carriageway,0,Going ahead other,2,109,Data missing or out of range,Offside,2004
200401BS00175,36 - 45,7,Data missing or out of range,NA,1799,None,None,Data missing or out of range,Data missing or out of range,MERCEDES,C180 ESPRIT AUTO,Petrol,Female,None,No tow/articulation,Did not leave carriageway,0,Going ahead other,1,109,Data missing or out of range,Offside,2004
200401BS00176,36 - 45,4,Urban area,3,2664,None,None,Data missing or out of range,Data missing or out of range,LONDON TAXIS INT,TX1 SILVER AUTO,Heavy oil,Male,None,No tow/articulation,Did not leave carriageway,0,Slowing or stopping,1,108,Data missing or out of range,Did not impact,2004
200401BS00177,26 - 35,16,Urban area,6,1781,None,None,Data missing or out of range,Data missing or out of range,AUDI,80 S,Petrol,Male,None,No tow/articulation,Did not leave carriageway,0,Turning right,1,109,Data missing or out of range,Front,2004
200401BS00178,46 - 55,4,Urban area,8,1396,None,None,Data missing or out of range,Data missing or out of range,ROVER,214I E 16V,Petrol,Male,None,No tow/articulation,Did not leave carriageway,0,Going ahead other,1,109,Data missing or out of range,Front,2004
200401BS00179,21 - 25,4,Urban area,3,1998,None,None,Data missing or out of range,Data missing or out of range,VAUXHALL,VECTRA SRI 140,Petrol,Male,None,No tow/articulation,Did not leave carriageway,0,Going ahead other,1,109,Data missing or out of range,Front,2004
200401BS00179,21 - 25,6,Urban area,4,2000,None,None,Data missing or out of range,Data missing or out of range,MITSUBISHI,,Petrol,Male,None,No tow/articulation,Did not leave carriageway,0,Going ahead other,2,109,Data missing or out of range,Back,2004
200401BS00180,26 - 35,NA,Urban area,7,NA,None,None,Data missing or out of range,Data missing or out of range,ALFA ROMEO,,NA,Male,None,No tow/articulation,Did not leave carriageway,0,Going ahead other,1,Motorcycle 50cc and under,Data missing or out of range,Front,2004
200401BS00180,Data missing or out of range,3,Urban area,5,1985,None,None,Data missing or out of range,Data missing or out of range,SAAB,9-3 SE TURBO,Petrol,Male,None,No tow/articulation,Did not leave carriageway,0,U-turn,2,109,Data missing or out of range,Offside,2004
200401BS00188,21 - 25,4,Urban area,4,8970,None,None,Data missing or out of range,Data missing or out of range,SCANIA,,Heavy oil,Male,None,No tow/articulation,Did not leave carriageway,0,Turning left,2,Goods 7.5 tonnes mgw and over,Data missing or out of range,Nearside,2004
200401BS00189,36 - 45,15,Urban area,3,2299,None,None,Data missing or out of range,Data missing or out of range,MERCEDES,230 TE AUTO,Petrol,Male,None,No tow/articulation,Did not leave carriageway,0,Turning right,1,109,Data missing or out of range,Front,2004
200401BS00191,66 - 75,5,Urban area,10,2664,None,None,Data missing or out of range,Data missing or out of range,LONDON TAXIS INT,TX1 SILVER AUTO,Heavy oil,Male,None,No tow/articulation,Did not leave carriageway,0,Turning left,1,108,Data missing or out of range,Front,2004
200401BS00193,26 - 35,NA,Data missing or out of range,NA,2402,None,None,Data missing or out of range,Data missing or out of range,FORD,TRANSIT 350 LWB TD,Heavy oil,Male,None,No tow/articulation,Did not leave carriageway,0,Parked,2,Van / Goods 3.5 tonnes mgw or under,Data missing or out of range,Offside,2004
200401BS00195,56 - 65,6,Urban area,6,2435,None,None,Data missing or out of range,Data missing or out of range,VOLVO,V70 XLT 20V AUTO,Petrol,Female,None,No tow/articulation,Did not leave carriageway,0,Going ahead other,1,109,Data missing or out of range,Front,2004
200401BS00197,36 - 45,3,Urban area,6,599,Kerb,None,Data missing or out of range,Data missing or out of range,KAWASAKI,,Petrol,Male,Skidded,No tow/articulation,Offside,0,Going ahead other,1,106,Data missing or out of range,Front,2004
200401BS00197,26 - 35,8,Urban area,3,2316,None,None,Data missing or out of range,Data missing or out of range,VOLVO,940 GLE TURBO AUTO,Petrol,Female,None,No tow/articulation,Did not leave carriageway,0,Turning right,2,109,Data missing or out of range,Offside,2004
200401BS00198,21 - 25,11,Urban area,2,954,None,None,Data missing or out of range,Data missing or out of range,CITROEN,AX SALSA,Petrol,Female,None,No tow/articulation,Did not leave carriageway,0,Going ahead other,2,109,Data missing or out of range,Nearside,2004
200401BS00200,46 - 55,1,Data missing or out of range,NA,125,None,None,Data missing or out of range,Data missing or out of range,PEUGEOT,,Petrol,Male,None,No tow/articulation,Did not leave carriageway,0,Overtaking - nearside,2,Motorcycle 125cc and under,Data missing or out of range,Front,2004
200401BS00201,26 - 35,NA,Urban area,7,NA,None,None,Data missing or out of range,Data missing or out of range,PIAGGIO,,NA,Male,None,No tow/articulation,Did not leave carriageway,0,Going ahead other,1,Motorcycle 50cc and under,Data missing or out of range,Nearside,2004
200401BS00202,36 - 45,2,Urban area,6,49,None,None,Data missing or out of range,Data missing or out of range,PIAGGIO,ET2,Petrol,Male,None,No tow/articulation,Did not leave carriageway,0,Overtaking - nearside,2,Motorcycle 50cc and under,Data missing or out of range,Front,2004
200401BS00203,66 - 75,9,Urban area,1,5474,None,None,Data missing or out of range,Data missing or out of range,FERRARI,,Petrol,Male,None,No tow/articulation,Did not leave carriageway,0,Going ahead other,2,109,Data missing or out of range,Front,2004
200401BS00211,26 - 35,5,Urban area,2,599,None,None,Data missing or out of range,Data missing or out of range,KAWASAKI,ZX600-G2,Petrol,Male,None,No tow/articulation,Did not leave carriageway,0,Overtaking moving vehicle - offside,1,106,Data missing or out of range,Offside,2004
200401BS00213,36 - 45,28,Urban area,3,744,None,None,Data missing or out of range,Data missing or out of range,TRIUMPH,,Petrol,Male,None,No tow/articulation,Did not leave carriageway,0,Going ahead other,1,106,Data missing or out of range,Back,2004
200401BS00214,21 - 25,3,Urban area,3,1390,None,None,Data missing or out of range,Data missing or out of range,VOLKSWAGEN,POLO 16V,Petrol,Female,None,No tow/articulation,Did not leave carriageway,0,Turning right,1,109,Data missing or out of range,Nearside,2004
200401BS00215,36 - 45,5,Data missing or out of range,NA,2664,None,None,Data missing or out of range,Data missing or out of range,LONDON TAXIS INT,TX1 BRONZE AUTO,Heavy oil,Male,None,No tow/articulation,Did not leave carriageway,0,Going ahead other,1,108,Data missing or out of range,Front,2004
200401BS00215,46 - 55,NA,Urban area,4,NA,None,None,Data missing or out of range,Data missing or out of range,FORD,TRANSIT 350 LWB TD,NA,Male,None,No tow/articulation,Did not leave carriageway,0,Slowing or stopping,2,Other vehicle,Data missing or out of range,Back,2004
200401BS00217,Data missing or out of range,3,Data missing or out of range,NA,7300,None,None,Data missing or out of range,Data missing or out of range,VOLVO,,Heavy oil,Male,None,No tow/articulation,Did not leave carriageway,0,Going ahead other,1,Bus or coach (17 or more pass seats),Data missing or out of range,Nearside,2004
200401BS00220,46 - 55,10,Urban area,6,1781,None,None,Data missing or out of range,Data missing or out of range,VOLKSWAGEN,GOLF GL AUTO,Petrol,Female,None,No tow/articulation,Did not leave carriageway,0,Waiting to go - held up,1,109,Data missing or out of range,Back,2004
200401BS00220,Data missing or out of range,10,Urban area,6,1596,None,None,Data missing or out of range,Data missing or out of range,BMW,316 I TOURING LUX A,Petrol,Male,None,No tow/articulation,Did not leave carriageway,0,Going ahead other,2,109,Data missing or out of range,Front,2004
200401BS00224,56 - 65,16,Urban area,10,748,None,None,Data missing or out of range,Data missing or out of range,HONDA,VFR750F-J,Petrol,Male,None,No tow/articulation,Did not leave carriageway,0,Changing lane to right,1,106,Data missing or out of range,Offside,2004
200401BS00225,Data missing or out of range,3,Urban area,4,8970,None,None,Data missing or out of range,Data missing or out of range,SCANIA,,Heavy oil,Male,None,No tow/articulation,Did not leave carriageway,0,Parked,2,Goods 7.5 tonnes mgw and over,Data missing or out of range,Offside,2004
200401BS00226,26 - 35,3,Urban area,5,124,None,None,Data missing or out of range,Data missing or out of range,PIAGGIO,VESPA ET4,Petrol,Male,None,No tow/articulation,Did not leave carriageway,0,Overtaking static vehicle - offside,1,Motorcycle 125cc and under,Data missing or out of range,Front,2004
200401BS00230,46 - 55,NA,Urban area,5,NA,None,None,Data missing or out of range,Data missing or out of range,LONDON TAXIS INT,TXII SILVER AUTO,NA,Male,None,No tow/articulation,Did not leave carriageway,0,Turning left,1,109,Data missing or out of range,Front,2004
200401BS00234,21 - 25,1,Urban area,9,11021,None,None,Data missing or out of range,Data missing or out of range,SCANIA,,Heavy oil,Male,None,No tow/articulation,Did not leave carriageway,0,Turning left,1,Goods 7.5 tonnes mgw and over,Data missing or out of range,Front,2004
200401BS00237,21 - 25,NA,Urban area,4,NA,None,None,Data missing or out of range,Data missing or out of range,VAUXHALL,CORSA GLS 12V,NA,Male,None,No tow/articulation,Did not leave carriageway,0,Going ahead other,1,106,Data missing or out of range,Front,2004
200401BS00238,26 - 35,4,Urban area,6,955,None,None,Data missing or out of range,Data missing or out of range,TRIUMPH,DAYTONA 955I,Petrol,Male,None,No tow/articulation,Did not leave carriageway,0,Going ahead other,1,106,Data missing or out of range,Front,2004
200401BS00240,36 - 45,7,Urban area,1,1998,None,None,Data missing or out of range,Data missing or out of range,MERCEDES,E200 ELEGANCE A,Petrol,Male,None,No tow/articulation,Did not leave carriageway,0,Going ahead other,1,109,Data missing or out of range,Offside,2004
200401BS00242,36 - 45,1,Urban area,6,953,None,None,Data missing or out of range,Data missing or out of range,KAWASAKI,ZR 1000 A1H,Petrol,Male,None,No tow/articulation,Did not leave carriageway,0,Going ahead other,1,106,Data missing or out of range,Front,2004
200401BS00242,16 - 20,3,Urban area,3,2979,Previous accident,None,Data missing or out of range,Data missing or out of range,BMW,330 CI SPORT AUTO,Petrol,Male,None,No tow/articulation,Did not leave carriageway,0,Going ahead other,3,109,Data missing or out of range,Front,2004
200401BS00247,46 - 55,6,Urban area,4,2498,None,None,Data missing or out of range,Data missing or out of range,VAUXHALL,VECTRA ARCTIC V6,Petrol,Male,None,No tow/articulation,Did not leave carriageway,0,Turning left,2,109,Data missing or out of range,Nearside,2004
200401BS00248,26 - 35,NA,Data missing or out of range,NA,NA,None,None,Data missing or out of range,Data missing or out of range,LEYLAND AEC,,Heavy oil,Female,None,No tow/articulation,Did not leave carriageway,0,Turning left,1,Bus or coach (17 or more pass seats),Data missing or out of range,Did not impact,2004
200401BS00250,36 - 45,2,Urban area,4,2171,None,None,Data missing or out of range,Data missing or out of range,VAUXHALL,VECTRA ELEGANCE DTI 16V,Heavy oil,Male,None,No tow/articulation,Did not leave carriageway,0,Waiting to go - held up,2,109,Data missing or out of range,Back,2004
200401BS00251,26 - 35,1,Urban area,6,1984,None,None,Data missing or out of range,Data missing or out of range,AUDI,A4 SPORT AUTO,Petrol,Male,None,No tow/articulation,Did not leave carriageway,0,Going ahead other,3,109,Data missing or out of range,Front,2004
200401BS00258,36 - 45,1,Urban area,2,3498,Previous accident,None,Data missing or out of range,Data missing or out of range,RENAULT,VEL SATIS INITIALE V6 AUTO,Petrol,Male,None,No tow/articulation,Did not leave carriageway,0,Waiting to go - held up,3,109,Data missing or out of range,Back,2004
200401BS00262,36 - 45,10,Urban area,4,1794,None,None,Data missing or out of range,Data missing or out of range,VOLVO,440 SI,Petrol,Male,None,No tow/articulation,Did not leave carriageway,0,Going ahead other,1,109,Data missing or out of range,Front,2004
200401BS00262,26 - 35,5,Urban area,2,1870,None,None,Data missing or out of range,Data missing or out of range,RENAULT,KANGOO 865 1.9D,Heavy oil,Male,None,No tow/articulation,Did not leave carriageway,0,U-turn,2,Van / Goods 3.5 tonnes mgw or under,Data missing or out of range,Front,2004
200401BS00264,Data missing or out of range,3,Data missing or out of range,NA,1850,None,None,Data missing or out of range,Data missing or out of range,HONDA,ACCORD VTEC SPORT,Petrol,Male,None,No tow/articulation,Did not leave carriageway,0,Turning left,2,109,Data missing or out of range,Front,2004
200401BS00266,36 - 45,7,Urban area,4,2664,None,None,Data missing or out of range,Data missing or out of range,LONDON TAXIS INT,TX1 BRONZE AUTO,Heavy oil,Male,None,No tow/articulation,Did not leave carriageway,0,Going ahead other,1,108,Data missing or out of range,Nearside,2004
200401BS00270,46 - 55,1,Small town,7,4398,None,None,Data missing or out of range,Data missing or out of range,LAND ROVER,RANGE ROVER VOGUE V8 AUTO,Petrol,Male,None,No tow/articulation,Did not leave carriageway,0,Turning right,1,109,Data missing or out of range,Nearside,2004
200401BS00271,21 - 25,NA,Small town,9,NA,None,None,Data missing or out of range,Data missing or out of range,RENAULT,KANGOO SL17 DCI 70+,NA,Male,None,No tow/articulation,Did not leave carriageway,0,Going ahead other,2,109,Data missing or out of range,Front,2004
200401BS00272,26 - 35,6,Urban area,2,1994,None,None,Data missing or out of range,Data missing or out of range,VAUXHALL,VECTRA TOURER DTI,Heavy oil,Female,None,No tow/articulation,Did not leave carriageway,0,Turning right,2,109,Data missing or out of range,Offside,2004
200401BS00274,36 - 45,NA,Rural,8,NA,None,None,Data missing or out of range,Data missing or out of range,PIAGGIO,ET2,NA,Female,Skidded,No tow/articulation,Did not leave carriageway,0,Going ahead other,1,Motorcycle 50cc and under,Data missing or out of range,Did not impact,2004
200401BS00275,26 - 35,7,Data missing or out of range,NA,1085,None,None,Data missing or out of range,Data missing or out of range,BMW,R1100 RT,Petrol,Male,None,No tow/articulation,Did not leave carriageway,0,Turning left,1,106,Data missing or out of range,Front,2004
200401BS00276,26 - 35,41,Urban area,5,123,None,None,Data missing or out of range,Data missing or out of range,PIAGGIO,,Petrol,Female,None,No tow/articulation,Did not leave carriageway,0,Overtaking static vehicle - offside,2,Motorcycle 125cc and under,Data missing or out of range,Front,2004
200401BS00280,36 - 45,5,Urban area,8,NA,None,None,Data missing or out of range,Data missing or out of range,DENNIS,,Heavy oil,Male,None,No tow/articulation,Did not leave carriageway,0,Waiting to go - held up,1,Bus or coach (17 or more pass seats),Data missing or out of range,Did not impact,2004
200401BS00285,36 - 45,NA,Urban area,5,NA,None,None,Data missing or out of range,Data missing or out of range,MITSUBISHI,L200 WARRIOR LWB,NA,Male,None,No tow/articulation,Did not leave carriageway,0,Going ahead other,2,109,Data missing or out of range,Front,2004
200401BS00286,Data missing or out of range,4,Data missing or out of range,NA,NA,None,None,Data missing or out of range,Data missing or out of range,DENNIS,,Heavy oil,Male,None,No tow/articulation,Did not leave carriageway,0,Slowing or stopping,2,Bus or coach (17 or more pass seats),Data missing or out of range,Front,2004
200401BS00287,26 - 35,NA,Data missing or out of range,NA,NA,None,None,Data missing or out of range,Data missing or out of range,VOLKSWAGEN,800 SPECIAL TD SWB,NA,Male,None,No tow/articulation,Did not leave carriageway,0,Moving off,1,Other vehicle,Data missing or out of range,Nearside,2004
200401BS00288,56 - 65,4,Urban area,9,9600,None,None,Data missing or out of range,Data missing or out of range,VOLVO,,Heavy oil,Male,None,No tow/articulation,Did not leave carriageway,0,Slowing or stopping,1,Bus or coach (17 or more pass seats),Data missing or out of range,Did not impact,2004
200401BS00289,36 - 45,1,Data missing or out of range,NA,996,None,None,Data missing or out of range,Data missing or out of range,HONDA,XL 1000 V-4,Petrol,Male,None,No tow/articulation,Did not leave carriageway,0,Going ahead right-hand bend,1,106,Data missing or out of range,Front,2004
200401BS00292,21 - 25,17,Urban area,10,398,None,None,Data missing or out of range,Data missing or out of range,HONDA,,Petrol,Male,None,No tow/articulation,Did not leave carriageway,0,Going ahead other,1,106,Data missing or out of range,Front,2004
200401BS00292,26 - 35,2,Urban area,6,3199,None,None,Data missing or out of range,Data missing or out of range,MERCEDES,C320 ELEGANCE AUTO,Petrol,Male,None,No tow/articulation,Did not leave carriageway,0,U-turn,2,109,Data missing or out of range,Front,2004
200401BS00293,26 - 35,7,Urban area,NA,1998,None,None,Data missing or out of range,Data missing or out of range,MERCEDES,E200 AVANTGARDE A,Petrol,Male,None,No tow/articulation,Did not leave carriageway,0,Waiting to go - held up,2,109,Data missing or out of range,Back,2004
200401BS00295,36 - 45,3,Urban area,2,1149,None,None,Data missing or out of range,Data missing or out of range,RENAULT,CLIO DYNAMIQUE 16V,Petrol,Female,None,No tow/articulation,Did not leave carriageway,0,Waiting to go - held up,1,109,Data missing or out of range,Back,2004
200401BS00297,26 - 35,NA,Urban area,3,2461,None,None,Data missing or out of range,Data missing or out of range,VOLKSWAGEN,LT 35 TDI LWB,Heavy oil,Male,None,No tow/articulation,Did not leave carriageway,0,Turning right,2,Van / Goods 3.5 tonnes mgw or under,Data missing or out of range,Offside,2004
200401BS00298,56 - 65,11,Urban area,6,2199,None,None,Data missing or out of range,Data missing or out of range,MERCEDES,E220 AUTO,Petrol,Female,None,No tow/articulation,Did not leave carriageway,0,Parked,1,109,Data missing or out of range,Offside,2004
200401BS00299,21 - 25,2,Urban area,2,1896,None,None,Data missing or out of range,Data missing or out of range,AUDI,A3 TDI,Heavy oil,Male,None,No tow/articulation,Did not leave carriageway,0,Moving off,1,109,Data missing or out of range,Offside,2004
200401BS00300,Data missing or out of range,1,Data missing or out of range,NA,2354,None,None,Data missing or out of range,Data missing or out of range,HONDA,ACCORD VTEC EXECUTIVE A,Petrol,Male,None,No tow/articulation,Did not leave carriageway,0,Reversing,1,109,Data missing or out of range,Back,2004
200401BS00301,Data missing or out of range,7,Data missing or out of range,NA,1747,None,None,Data missing or out of range,Data missing or out of range,FIAT,,Petrol,Male,None,No tow/articulation,Did not leave carriageway,0,Turning left,2,109,Data missing or out of range,Offside,2004
200401BS00302,26 - 35,5,Urban area,5,1898,None,None,Data missing or out of range,Data missing or out of range,MERCEDES,A190 AVANTGARDE,Petrol,Female,None,No tow/articulation,Did not leave carriageway,0,Overtaking moving vehicle - offside,1,109,Data missing or out of range,Back,2004
200401BS00309,21 - 25,14,Urban area,1,398,None,None,Data missing or out of range,Data missing or out of range,HONDA,,Petrol,Male,None,No tow/articulation,Did not leave carriageway,0,Going ahead other,1,106,Data missing or out of range,Front,2004
200401BS00309,21 - 25,7,Urban area,2,1389,None,None,Data missing or out of range,Data missing or out of range,VAUXHALL,CORSA BREEZE HI-TORQ,Petrol,Male,None,No tow/articulation,Did not leave carriageway,0,Turning right,2,109,Data missing or out of range,Nearside,2004
200401BS00312,21 - 25,NA,Urban area,1,NA,None,None,Data missing or out of range,Data missing or out of range,HONDA,CBR900RR,NA,Male,None,No tow/articulation,Did not leave carriageway,0,Going ahead other,1,106,Data missing or out of range,Nearside,2004
200401BS00315,21 - 25,1,Urban area,5,1896,None,None,Data missing or out of range,Data missing or out of range,VOLKSWAGEN,BORA TDI SE TIPTRONIC,Heavy oil,Female,None,No tow/articulation,Did not leave carriageway,0,Turning left,1,109,Data missing or out of range,Nearside,2004
200401BS00317,46 - 55,5,Urban area,10,2664,None,None,Data missing or out of range,Data missing or out of range,LONDON TAXIS INT,TX1 BRONZE AUTO,Heavy oil,Male,None,No tow/articulation,Did not leave carriageway,0,Going ahead other,1,108,Data missing or out of range,Offside,2004
200401BS00318,26 - 35,3,Urban area,9,124,None,None,Data missing or out of range,Data missing or out of range,PIAGGIO,VESPA ET4,Petrol,Female,None,No tow/articulation,Did not leave carriageway,0,Overtaking static vehicle - offside,2,Motorcycle 125cc and under,Data missing or out of range,Front,2004
200401BS00319,26 - 35,1,Urban area,2,1587,None,None,Data missing or out of range,Data missing or out of range,CITROEN,C3 PLURIEL AUTO,Petrol,Female,None,No tow/articulation,Did not leave carriageway,0,Overtaking moving vehicle - offside,1,109,Data missing or out of range,Front,2004
200401BS00320,56 - 65,4,Urban area,6,2664,None,None,Data missing or out of range,Data missing or out of range,LONDON TAXIS INT,TX1 BRONZE AUTO,Heavy oil,Male,None,No tow/articulation,Did not leave carriageway,0,Going ahead other,1,108,Data missing or out of range,Front,2004
200401BS00321,21 - 25,2,Data missing or out of range,NA,7300,Previous accident,None,Data missing or out of range,Data missing or out of range,VOLVO,,Heavy oil,Male,None,No tow/articulation,Did not leave carriageway,0,Slowing or stopping,1,Bus or coach (17 or more pass seats),Data missing or out of range,Front,2004
200401BS00322,36 - 45,NA,Urban area,3,11705,None,None,Data missing or out of range,Data missing or out of range,SCANIA,,Heavy oil,Male,None,No tow/articulation,Did not leave carriageway,0,Turning right,1,Goods 7.5 tonnes mgw and over,Data missing or out of range,Front,2004
200401BS00322,46 - 55,NA,Urban area,6,NA,None,None,Data missing or out of range,Data missing or out of range,ITALJET,FORMULA 125,NA,Male,None,No tow/articulation,Did not leave carriageway,0,Overtaking static vehicle - offside,2,Motorcycle 125cc and under,Data missing or out of range,Nearside,2004
200401BS00324,26 - 35,5,Urban area,2,1998,Previous accident,None,Data missing or out of range,Data missing or out of range,DAEWOO,LEGANZA CDX,Petrol,Male,None,No tow/articulation,Did not leave carriageway,0,Waiting to turn right,1,109,Data missing or out of range,Nearside,2004
200401BS00325,46 - 55,6,Urban area,4,3996,None,None,Data missing or out of range,Data missing or out of range,JAGUAR,XK8 COUPE AUTO,Petrol,Male,None,No tow/articulation,Did not leave carriageway,0,Turning right,1,109,Data missing or out of range,Offside,2004
200401BS00327,26 - 35,10,Data missing or out of range,NA,999,None,None,Data missing or out of range,Data missing or out of range,HONDA,,Petrol,Male,None,No tow/articulation,Did not leave carriageway,0,Going ahead right-hand bend,1,106,Data missing or out of range,Front,2004
200401BS00327,Data missing or out of range,2,Urban area,8,2151,None,None,Data missing or out of range,Data missing or out of range,MERCEDES,E220 CDI CLASSIC AUTO,Heavy oil,Male,None,No tow/articulation,Did not leave carriageway,0,Turning right,2,109,Data missing or out of range,Front,2004
200401BS00329,Data missing or out of range,2,Urban area,3,1998,None,None,Data missing or out of range,Data missing or out of range,MERCEDES,C180 ELEGANCE AUTO,Petrol,Female,None,No tow/articulation,Did not leave carriageway,0,Turning left,2,109,Data missing or out of range,Nearside,2004
200401BS00330,26 - 35,6,Urban area,1,NA,None,None,Data missing or out of range,Data missing or out of range,DENNIS,,Heavy oil,Male,None,No tow/articulation,Did not leave carriageway,0,Turning right,1,Bus or coach (17 or more pass seats),Data missing or out of range,Nearside,2004
200401BS00332,36 - 45,NA,Urban area,10,2979,None,None,Data missing or out of range,Data missing or out of range,BMW,530I SE AUTO,Petrol,Male,None,No tow/articulation,Did not leave carriageway,0,Moving off,1,109,Data missing or out of range,Front,2004
200401BS00332,26 - 35,8,Urban area,3,1590,None,None,Data missing or out of range,Data missing or out of range,HONDA,CIVIC 1.6I LS AUTO,Petrol,Female,None,No tow/articulation,Did not leave carriageway,0,Turning right,2,109,Data missing or out of range,Nearside,2004
200401BS00334,26 - 35,4,Urban area,5,1796,None,None,Data missing or out of range,Data missing or out of range,ROVER,,Petrol,Male,None,No tow/articulation,Did not leave carriageway,0,Slowing or stopping,1,109,Data missing or out of range,Back,2004
200401BS00335,Data missing or out of range,12,Data missing or out of range,NA,1986,None,None,Data missing or out of range,Data missing or out of range,VOLVO,940 SE TURBO A,Petrol,Not known,None,No tow/articulation,Did not leave carriageway,0,Reversing,1,109,Data missing or out of range,Back,2004
200401BS00336,Data missing or out of range,5,Data missing or out of range,NA,2771,None,None,Data missing or out of range,Data missing or out of range,AUDI,A8 2.8 AUTO,Petrol,Not known,None,No tow/articulation,Did not leave carriageway,0,Turning left,1,109,Data missing or out of range,Front,2004
200401BS00337,Data missing or out of range,1,Urban area,2,12000,None,None,Data missing or out of range,Data missing or out of range,VOLVO,,Heavy oil,Female,None,No tow/articulation,Did not leave carriageway,0,Going ahead other,1,Bus or coach (17 or more pass seats),Data missing or out of range,Nearside,2004
200401BS00338,21 - 25,NA,Urban area,2,102,None,None,Data missing or out of range,Data missing or out of range,HONDA,SCV100F-E,Petrol,Male,None,No tow/articulation,Did not leave carriageway,0,Turning right,1,Motorcycle 125cc and under,Data missing or out of range,Front,2004
200401BS00339,36 - 45,1,Urban area,7,1997,None,None,Data missing or out of range,Data missing or out of range,PEUGEOT,307 SW S HDI,Heavy oil,Male,None,No tow/articulation,Did not leave carriageway,0,U-turn,1,109,Data missing or out of range,Back,2004
200401BS00339,26 - 35,NA,Urban area,5,124,None,None,Data missing or out of range,Data missing or out of range,PIAGGIO,VESPA GT 125,Petrol,Male,None,No tow/articulation,Did not leave carriageway,0,Overtaking - nearside,2,Motorcycle 125cc and under,Data missing or out of range,Back,2004
200401BS00340,26 - 35,2,Urban area,3,8268,None,None,Data missing or out of range,Data missing or out of range,DENNIS,,Heavy oil,Male,None,No tow/articulation,Did not leave carriageway,0,Moving off,1,Bus or coach (17 or more pass seats),Data missing or out of range,Front,2004
200401BS00343,26 - 35,2,Urban area,3,124,None,None,Data missing or out of range,Data missing or out of range,PIAGGIO,B 125,Petrol,Male,None,No tow/articulation,Did not leave carriageway,0,Going ahead other,1,Motorcycle 125cc and under,Data missing or out of range,Front,2004
200401BS00344,46 - 55,3,Urban area,4,7300,None,None,Data missing or out of range,Data missing or out of range,VOLVO,,Heavy oil,Male,None,No tow/articulation,Did not leave carriageway,0,Turning right,1,Bus or coach (17 or more pass seats),Data missing or out of range,Back,2004
200401BS00344,21 - 25,3,Urban area,4,49,None,None,Data missing or out of range,Data missing or out of range,APRILIA,,Petrol,Male,None,No tow/articulation,Did not leave carriageway,0,Going ahead other,2,Motorcycle 50cc and under,Data missing or out of range,Front,2004
200401BS00345,46 - 55,2,Urban area,8,883,None,None,Data missing or out of range,Data missing or out of range,HARLEY-DAVIDSON,XL883C SPORTSTER,Petrol,Female,None,No tow/articulation,Did not leave carriageway,0,Moving off,1,106,Data missing or out of range,Back,2004
200401BS00345,46 - 55,2,Urban area,9,12130,None,None,Data missing or out of range,Data missing or out of range,VOLVO,,Heavy oil,Male,None,No tow/articulation,Did not leave carriageway,0,Moving off,2,Goods 7.5 tonnes mgw and over,Data missing or out of range,Front,2004
200401BS00346,26 - 35,NA,Data missing or out of range,NA,1951,None,None,Data missing or out of range,Data missing or out of range,ROVER,75 CONNOISSEUR SE CDTI A,Heavy oil,Male,None,No tow/articulation,Did not leave carriageway,0,U-turn,2,109,Data missing or out of range,Offside,2004
200401BS00348,26 - 35,4,Urban area,6,125,None,None,Data missing or out of range,Data missing or out of range,PIAGGIO,,Petrol,Male,None,No tow/articulation,Did not leave carriageway,0,Going ahead other,2,Motorcycle 125cc and under,Data missing or out of range,Front,2004
200401BS00352,26 - 35,3,Urban area,8,124,None,None,Data missing or out of range,Data missing or out of range,PIAGGIO,ZIP 125,Petrol,Female,Skidded,No tow/articulation,Did not leave carriageway,0,Going ahead other,1,Motorcycle 125cc and under,Data missing or out of range,Did not impact,2004
200401BS00353,26 - 35,NA,Urban area,2,NA,None,None,Data missing or out of range,Data missing or out of range,YAMAHA,,NA,Male,None,No tow/articulation,Did not leave carriageway,0,Overtaking moving vehicle - offside,2,Motorcycle 125cc and under,Data missing or out of range,Front,2004
200401BS00359,46 - 55,7,Urban area,7,5200,None,None,Data missing or out of range,Data missing or out of range,CHRYSLER,,Petrol,Female,None,No tow/articulation,Did not leave carriageway,0,Going ahead other,1,109,Data missing or out of range,Front,2004
200401BS00361,26 - 35,NA,Urban area,4,NA,None,None,Data missing or out of range,Data missing or out of range,VAUXHALL,VIVARO 2700 DI SWB,NA,Male,None,No tow/articulation,Did not leave carriageway,0,Going ahead left-hand bend,1,109,Data missing or out of range,Front,2004
200401BS00364,36 - 45,11,Urban area,8,954,None,None,Data missing or out of range,Data missing or out of range,CITROEN,AX 10 DEBUT,Petrol,Male,None,No tow/articulation,Did not leave carriageway,0,Going ahead other,1,109,Data missing or out of range,Front,2004
200401BS00368,46 - 55,1,Urban area,5,2435,None,None,Data missing or out of range,Data missing or out of range,VOLVO,V70 S (140 BHP) AUTO,Petrol,Male,None,No tow/articulation,Did not leave carriageway,0,Turning right,1,109,Data missing or out of range,Did not impact,2004
200401BS00370,26 - 35,6,Urban area,1,NA,None,None,Data missing or out of range,Data missing or out of range,DENNIS,,Heavy oil,Male,None,No tow/articulation,Did not leave carriageway,0,Going ahead other,2,Bus or coach (17 or more pass seats),Data missing or out of range,Nearside,2004
200401BS00373,36 - 45,2,Urban area,2,1900,None,None,Data missing or out of range,Data missing or out of range,VOLKSWAGEN,SHARAN CARAT TDI,Heavy oil,Female,None,No tow/articulation,Did not leave carriageway,0,Going ahead left-hand bend,2,109,Data missing or out of range,Back,2004
200401BS00375,56 - 65,2,Data missing or out of range,NA,1598,None,None,Data missing or out of range,Data missing or out of range,RENAULT,MEGANE SCENIC EXP AUTO,Petrol,Female,None,No tow/articulation,Did not leave carriageway,0,Going ahead other,1,109,Data missing or out of range,Front,2004
200401BS00377,46 - 55,10,Urban area,10,2495,None,None,Data missing or out of range,Data missing or out of range,LAND ROVER,110 DEFENDER COUNTY SWTDI,Heavy oil,Female,None,No tow/articulation,Did not leave carriageway,0,Going ahead other,1,109,Data missing or out of range,Front,2004
200401BS00383,Data missing or out of range,1,Data missing or out of range,NA,2148,None,None,Data missing or out of range,Data missing or out of range,MERCEDES,E220 CDI ELEGANCE AUTO,Heavy oil,Male,None,No tow/articulation,Did not leave carriageway,0,Going ahead other,2,109,Data missing or out of range,Offside,2004
200401BS00386,26 - 35,1,Urban area,9,49,None,None,Data missing or out of range,Data missing or out of range,PIAGGIO,ET2,Petrol,Male,None,No tow/articulation,Did not leave carriageway,0,Overtaking moving vehicle - offside,2,Motorcycle 50cc and under,Data missing or out of range,Nearside,2004
200401BS00389,21 - 25,6,Urban area,7,1834,None,None,Data missing or out of range,Data missing or out of range,MITSUBISHI,CARISMA GLS GDI AUTO,Petrol,Male,None,No tow/articulation,Did not leave carriageway,0,Going ahead other,2,109,Data missing or out of range,Front,2004
200401BS00389,26 - 35,9,Urban area,5,3239,None,None,Data missing or out of range,Data missing or out of range,JAGUAR,XJ6 AUTO,Petrol,Male,None,No tow/articulation,Did not leave carriageway,0,Going ahead other,3,109,Data missing or out of range,Back,2004
200401BS00390,Data missing or out of range,NA,Urban area,3,NA,None,None,Data missing or out of range,Data missing or out of range,DENNIS,,NA,Male,None,No tow/articulation,Did not leave carriageway,0,Turning right,2,Van / Goods 3.5 tonnes mgw or under,Data missing or out of range,Front,2004
200401BS00391,Data missing or out of range,1,Data missing or out of range,NA,2926,None,None,Data missing or out of range,Data missing or out of range,BMW,X5 D SPORT AUTO,Heavy oil,Male,None,No tow/articulation,Did not leave carriageway,0,Going ahead other,2,109,Data missing or out of range,Front,2004
200401BS00394,56 - 65,37,Urban area,3,NA,None,None,Data missing or out of range,Data missing or out of range,LEYLAND AEC,,Heavy oil,Male,None,No tow/articulation,Did not leave carriageway,0,Moving off,1,Bus or coach (17 or more pass seats),Data missing or out of range,Did not impact,2004
200401BS00395,26 - 35,5,Urban area,8,498,None,None,Data missing or out of range,Data missing or out of range,KAWASAKI,ER500-A3,Petrol,Male,None,No tow/articulation,Did not leave carriageway,0,Overtaking moving vehicle - offside,1,106,Data missing or out of range,Front,2004
200401BS00395,Data missing or out of range,7,Urban area,5,2299,None,None,Data missing or out of range,Data missing or out of range,MERCEDES,208D SWB,Heavy oil,Male,None,No tow/articulation,Did not leave carriageway,0,U-turn,2,Van / Goods 3.5 tonnes mgw or under,Data missing or out of range,Front,2004
200401BS00396,46 - 55,NA,Urban area,6,NA,None,None,Data missing or out of range,Data missing or out of range,MAN,,NA,Male,None,No tow/articulation,Did not leave carriageway,0,Going ahead other,2,109,Data missing or out of range,Front,2004
200401BS00397,26 - 35,8,Urban area,8,1753,None,None,Data missing or out of range,Data missing or out of range,FORD,FIESTA CLASSIC QUARTZ D,Heavy oil,Male,None,No tow/articulation,Did not leave carriageway,0,Turning right,1,109,Data missing or out of range,Nearside,2004
200401BS00403,26 - 35,9,Urban area,3,400,None,None,Data missing or out of range,Data missing or out of range,HONDA,,Petrol,Male,None,No tow/articulation,Did not leave carriageway,0,Going ahead other,1,106,Data missing or out of range,Nearside,2004
200401BS00404,21 - 25,2,Data missing or out of range,NA,8268,None,None,Data missing or out of range,Data missing or out of range,DENNIS,,Heavy oil,Female,None,No tow/articulation,Did not leave carriageway,0,Going ahead other,1,Bus or coach (17 or more pass seats),Data missing or out of range,Did not impact,2004
200401BS00408,Data missing or out of range,12,Data missing or out of range,NA,1389,Previous accident,None,Data missing or out of range,Data missing or out of range,VAUXHALL,ASTRA LI,Petrol,Male,None,No tow/articulation,Did not leave carriageway,0,Waiting to go - held up,2,109,Data missing or out of range,Front,2004
200401BS00409,26 - 35,3,Data missing or out of range,NA,49,None,None,Data missing or out of range,Data missing or out of range,PIAGGIO,ET2,Petrol,Female,None,No tow/articulation,Did not leave carriageway,0,Going ahead other,2,Motorcycle 50cc and under,Data missing or out of range,Front,2004
200401BS00412,26 - 35,5,Urban area,6,650,None,None,Data missing or out of range,Data missing or out of range,SUZUKI,,Petrol,Male,None,No tow/articulation,Did not leave carriageway,0,Overtaking static vehicle - offside,2,106,Data missing or out of range,Front,2004
200401BS00413,26 - 35,NA,Urban area,6,748,None,None,Data missing or out of range,Data missing or out of range,DUCATI,749 BIP,Petrol,Male,Skidded,No tow/articulation,Did not leave carriageway,0,Slowing or stopping,1,106,Data missing or out of range,Front,2004
200401BS00415,26 - 35,3,Urban area,1,7300,None,None,Data missing or out of range,Data missing or out of range,VOLVO,,Heavy oil,Male,None,No tow/articulation,Did not leave carriageway,0,Slowing or stopping,1,Bus or coach (17 or more pass seats),Data missing or out of range,Did not impact,2004
200401BS00417,56 - 65,3,Small town,9,3200,None,None,Data missing or out of range,Data missing or out of range,MITSUBISHI,SHOGUN DI-D CLASSIC LWB A,Heavy oil,Male,None,No tow/articulation,Did not leave carriageway,0,Going ahead other,1,109,Data missing or out of range,Front,2004
200401BS00419,26 - 35,1,Urban area,7,49,None,None,Data missing or out of range,Data missing or out of range,PIAGGIO,ET2,Petrol,Female,None,No tow/articulation,Did not leave carriageway,0,Going ahead other,2,Motorcycle 50cc and under,Data missing or out of range,Back,2004
200401BS00420,26 - 35,10,Urban area,2,1996,None,None,Data missing or out of range,Data missing or out of range,HONDA,ACCORD ES,Petrol,Male,None,No tow/articulation,Did not leave carriageway,0,Going ahead other,1,109,Data missing or out of range,Front,2004
200401BS00420,26 - 35,NA,Urban area,8,NA,None,None,Data missing or out of range,Data missing or out of range,VOLVO,,NA,Male,None,No tow/articulation,Did not leave carriageway,0,Turning right,2,109,Data missing or out of range,Front,2004
200401BS00421,26 - 35,NA,Urban area,5,NA,None,None,Data missing or out of range,Data missing or out of range,RENAULT,KANGOO 865 1.9D,NA,Male,None,No tow/articulation,Did not leave carriageway,0,Overtaking moving vehicle - offside,2,109,Data missing or out of range,Nearside,2004
200401BS00422,36 - 45,4,Urban area,3,8300,None,None,Data missing or out of range,Data missing or out of range,DENNIS,,Heavy oil,Male,None,No tow/articulation,Did not leave carriageway,0,Slowing or stopping,1,Bus or coach (17 or more pass seats),Data missing or out of range,Offside,2004
200401BS00422,26 - 35,NA,Urban area,6,NA,None,None,Data missing or out of range,Data missing or out of range,VAUXHALL,ARENA 2.5 LWB,NA,Male,None,No tow/articulation,Did not leave carriageway,0,Turning right,2,Other vehicle,Data missing or out of range,Offside,2004
200401BS00424,26 - 35,6,Urban area,3,918,None,None,Data missing or out of range,Data missing or out of range,HONDA,,Petrol,Male,None,No tow/articulation,Did not leave carriageway,0,Going ahead other,1,106,Data missing or out of range,Front,2004
200401BS00427,36 - 45,NA,Urban area,2,NA,None,None,Data missing or out of range,Data missing or out of range,RENAULT,,NA,Male,None,No tow/articulation,Did not leave carriageway,0,Going ahead other,1,Goods 7.5 tonnes mgw and over,Data missing or out of range,Front,2004
200401BS00428,Data missing or out of range,1,Data missing or out of range,NA,1397,None,None,Data missing or out of range,Data missing or out of range,SKODA,FABIA CLASSIC 8V,Petrol,Male,None,No tow/articulation,Did not leave carriageway,0,Going ahead other,2,109,Data missing or out of range,Front,2004
200401BS00429,16 - 20,2,Data missing or out of range,NA,1598,Parked vehicle,None,Data missing or out of range,Data missing or out of range,MINI,MINI ONE AUTO,Petrol,Female,None,No tow/articulation,Did not leave carriageway,0,Going ahead other,1,109,Data missing or out of range,Front,2004
200401BS00434,26 - 35,NA,Urban area,9,124,None,None,Data missing or out of range,Data missing or out of range,PIAGGIO,VESPA ET4,Petrol,Female,None,No tow/articulation,Did not leave carriageway,0,Going ahead left-hand bend,1,Motorcycle 125cc and under,Data missing or out of range,Front,2004
200401BS00436,26 - 35,NA,Urban area,8,NA,None,None,Data missing or out of range,Data missing or out of range,PEUGEOT,LOOXOR 100,NA,Male,None,No tow/articulation,Did not leave carriageway,0,Overtaking moving vehicle - offside,1,Motorcycle 125cc and under,Data missing or out of range,Nearside,2004
200401BS00437,46 - 55,NA,Urban area,8,2402,None,None,Data missing or out of range,Data missing or out of range,LONDON TAXIS INT,TXII GOLD AUTO,Heavy oil,Male,None,No tow/articulation,Did not leave carriageway,0,Going ahead other,2,108,Data missing or out of range,Offside,2004
200401BS00438,16 - 20,12,Data missing or out of range,NA,1124,None,None,Data missing or out of range,Data missing or out of range,PEUGEOT,205 TRIO SX,Petrol,Female,None,No tow/articulation,Did not leave carriageway,0,Going ahead other,2,109,Data missing or out of range,Nearside,2004
200401BS00443,26 - 35,10,Urban area,8,1389,None,None,Data missing or out of range,Data missing or out of range,VAUXHALL,ASTRA LS I AUTO,Petrol,Female,None,No tow/articulation,Did not leave carriageway,0,Waiting to go - held up,1,109,Data missing or out of range,Back,2004
200401BS00444,26 - 35,NA,Urban area,3,NA,None,None,Data missing or out of range,Data missing or out of range,IVECO-FORD,,NA,Male,None,No tow/articulation,Did not leave carriageway,0,Going ahead left-hand bend,1,109,Data missing or out of range,Front,2004
200401BS00445,26 - 35,2,Data missing or out of range,NA,8268,None,None,Data missing or out of range,Data missing or out of range,DENNIS,,Heavy oil,Male,None,No tow/articulation,Did not leave carriageway,0,Going ahead other,1,Bus or coach (17 or more pass seats),Data missing or out of range,Did not impact,2004
200401BS00446,46 - 55,2,Urban area,8,2401,None,None,Data missing or out of range,Data missing or out of range,VOLVO,S60 D5 S AUTO,Heavy oil,Male,None,No tow/articulation,Did not leave carriageway,0,U-turn,1,109,Data missing or out of range,Offside,2004
200401BS00446,46 - 55,NA,Urban area,10,4398,None,None,Data missing or out of range,Data missing or out of range,LAND ROVER,RANGE ROVER VOGUE V8 AUTO,Petrol,Male,None,No tow/articulation,Did not leave carriageway,0,Going ahead other,2,109,Data missing or out of range,Front,2004
200401BS00449,46 - 55,NA,Urban area,7,NA,None,None,Data missing or out of range,Data missing or out of range,GILERA,COGUAR,NA,Female,None,No tow/articulation,Did not leave carriageway,0,Turning right,1,109,Data missing or out of range,Back,2004
200401BS00449,26 - 35,4,Data missing or out of range,NA,599,None,None,Data missing or out of range,Data missing or out of range,KAWASAKI,ZX600-J1,Petrol,Male,None,No tow/articulation,Did not leave carriageway,0,Overtaking moving vehicle - offside,2,106,Data missing or out of range,Front,2004
200401BS00452,Data missing or out of range,3,Urban area,4,2671,None,None,Data missing or out of range,Data missing or out of range,AUDI,RS4 QUATTRO,Petrol,Male,None,No tow/articulation,Did not leave carriageway,0,Turning right,2,109,Data missing or out of range,Offside,2004
200401BS00453,Data missing or out of range,9,Data missing or out of range,NA,2438,None,None,Data missing or out of range,Data missing or out of range,TOYOTA,PREVIA SOLAIR AIR CON,Petrol,Male,None,No tow/articulation,Did not leave carriageway,0,Parked,1,109,Data missing or out of range,Did not impact,2004
200401BS00454,36 - 45,7,Data missing or out of range,NA,487,None,None,Data missing or out of range,Data missing or out of range,SUZUKI,GS 500 EW,Petrol,Male,None,No tow/articulation,Did not leave carriageway,0,Going ahead other,1,106,Data missing or out of range,Front,2004
200401BS00457,26 - 35,17,Data missing or out of range,NA,2962,None,None,Data missing or out of range,Data missing or out of range,MERCEDES,300 SL AUTO,Petrol,Female,None,No tow/articulation,Did not leave carriageway,0,Turning left,1,109,Data missing or out of range,Nearside,2004
200401BS00458,21 - 25,3,Urban area,2,124,None,None,Data missing or out of range,Data missing or out of range,HONDA,,Petrol,Male,None,No tow/articulation,Did not leave carriageway,0,Going ahead other,1,Motorcycle 125cc and under,Data missing or out of range,Front,2004
200401BS00461,26 - 35,8,Urban area,2,1598,None,None,Data missing or out of range,Data missing or out of range,VOLKSWAGEN,POLO 1.6 GLX,Petrol,Male,None,No tow/articulation,Did not leave carriageway,0,Going ahead other,1,109,Data missing or out of range,Front,2004
200401BS00462,36 - 45,2,Rural,7,3996,None,None,Data missing or out of range,Data missing or out of range,JAGUAR,SOVEREIGN V8 AUTO,Petrol,Male,None,No tow/articulation,Did not leave carriageway,0,Going ahead other,1,109,Data missing or out of range,Front,2004
200401BS00466,26 - 35,14,Urban area,5,1360,None,None,Data missing or out of range,Data missing or out of range,CITROEN,AX 14 TGD DIESEL,Heavy oil,Male,None,No tow/articulation,Did not leave carriageway,0,Waiting to go - held up,1,109,Data missing or out of range,Back,2004
200401BS00468,46 - 55,3,Urban area,4,1769,None,None,Data missing or out of range,Data missing or out of range,NISSAN,PRIMERA S,Petrol,Male,None,No tow/articulation,Did not leave carriageway,0,Going ahead other,1,109,Data missing or out of range,Front,2004
200401BS00468,21 - 25,8,Urban area,3,2494,None,None,Data missing or out of range,Data missing or out of range,BMW,323I AUTO,Petrol,Male,None,No tow/articulation,Did not leave carriageway,0,Turning left,2,109,Data missing or out of range,Offside,2004
200401BS00469,36 - 45,10,Data missing or out of range,NA,1998,None,None,Data missing or out of range,Data missing or out of range,PEUGEOT,605 SVTI AUTO,Petrol,Male,None,No tow/articulation,Did not leave carriageway,0,Going ahead other,1,109,Data missing or out of range,Front,2004
200401BS00469,26 - 35,NA,Urban area,3,NA,None,None,Data missing or out of range,Data missing or out of range,PIAGGIO,,NA,Female,None,No tow/articulation,Did not leave carriageway,0,Turning left,2,Motorcycle 50cc and under,Data missing or out of range,Back,2004
200401BS00472,46 - 55,2,Urban area,7,3226,None,None,Data missing or out of range,Data missing or out of range,MERCEDES,E320 CDI ELEGANCE AUTO,Heavy oil,Female,None,No tow/articulation,Did not leave carriageway,0,Turning right,1,109,Data missing or out of range,Front,2004
200401BS00475,36 - 45,10,Urban area,2,5958,None,None,Data missing or out of range,Data missing or out of range,MERCEDES,,Heavy oil,Male,None,No tow/articulation,Did not leave carriageway,0,Turning right,1,Goods 7.5 tonnes mgw and over,Data missing or out of range,Front,2004
200401BS00476,36 - 45,11,Urban area,5,5480,None,None,Data missing or out of range,Data missing or out of range,VOLVO,,Heavy oil,Male,None,No tow/articulation,Did not leave carriageway,0,Turning left,2,Other vehicle,Data missing or out of range,Front,2004
200401BS00477,46 - 55,NA,Data missing or out of range,NA,49,None,None,Data missing or out of range,Data missing or out of range,PIAGGIO,ET2,Petrol,Female,None,No tow/articulation,Did not leave carriageway,0,Waiting to go - held up,1,Motorcycle 50cc and under,Data missing or out of range,Back,2004
200401BS00477,26 - 35,4,Data missing or out of range,NA,3199,None,None,Data missing or out of range,Data missing or out of range,MERCEDES,SL320 AUTO,Petrol,Female,None,No tow/articulation,Did not leave carriageway,0,Going ahead other,2,109,Data missing or out of range,Front,2004
200401BS00479,26 - 35,NA,Urban area,10,NA,None,None,Data missing or out of range,Data missing or out of range,AUSTIN,MAESTRO L,NA,Male,None,No tow/articulation,Did not leave carriageway,0,Overtaking static vehicle - offside,1,106,Data missing or out of range,Front,2004
200401BS00480,26 - 35,NA,Urban area,3,NA,None,None,Data missing or out of range,Data missing or out of range,LONDON TAXIS INT,TX1 SILVER AUTO,NA,Male,None,No tow/articulation,Did not leave carriageway,0,Going ahead other,1,109,Data missing or out of range,Back,2004
200401BS00480,46 - 55,NA,Urban area,8,NA,None,None,Data missing or out of range,Data missing or out of range,VAUXHALL,COMBO 1700 DI,NA,Male,None,No tow/articulation,Did not leave carriageway,0,Going ahead other,2,106,Data missing or out of range,Back,2004
200401BS00480,26 - 35,1,Urban area,2,1686,None,None,Data missing or out of range,Data missing or out of range,VAUXHALL,COMBO 1700 DI,Heavy oil,Male,None,No tow/articulation,Did not leave carriageway,0,Going ahead other,3,Van / Goods 3.5 tonnes mgw or under,Data missing or out of range,Front,2004
200401BS00484,36 - 45,21,Urban area,3,1593,None,None,Data missing or out of range,Data missing or out of range,FORD,CAPRI LS 4SPD,Petrol,Male,None,No tow/articulation,Did not leave carriageway,0,Slowing or stopping,1,109,Data missing or out of range,Back,2004
200401BS00488,36 - 45,1,Urban area,4,124,None,None,Data missing or out of range,Data missing or out of range,PIAGGIO,VESPA ET4,Petrol,Male,Skidded,No tow/articulation,Did not leave carriageway,0,Going ahead other,1,Motorcycle 125cc and under,Data missing or out of range,Nearside,2004
200401BS00489,26 - 35,5,Urban area,4,1850,None,None,Data missing or out of range,Data missing or out of range,HONDA,ACCORD 1.8I S,Petrol,Male,None,No tow/articulation,Did not leave carriageway,0,Going ahead other,1,109,Data missing or out of range,Offside,2004
200401BS00493,46 - 55,NA,Urban area,3,NA,None,None,Data missing or out of range,Data missing or out of range,LONDON TAXIS INT,TXII SILVER AUTO,NA,Male,None,No tow/articulation,Did not leave carriageway,0,U-turn,2,109,Data missing or out of range,Offside,2004
200401BS00494,26 - 35,NA,Urban area,4,2401,None,None,Data missing or out of range,Data missing or out of range,VOLVO,S80 SE D5 AUTO,Heavy oil,Female,None,No tow/articulation,Did not leave carriageway,0,Going ahead other,1,109,Data missing or out of range,Back,2004
200401BS00495,26 - 35,27,Data missing or out of range,NA,123,None,None,Data missing or out of range,Data missing or out of range,PIAGGIO,,Petrol,Male,None,No tow/articulation,Did not leave carriageway,0,Going ahead other,1,Motorcycle 125cc and under,Data missing or out of range,Front,2004
200401BS00496,21 - 25,4,Urban area,5,124,None,None,Data missing or out of range,Data missing or out of range,HONDA,CITY FLY CLR 125,Petrol,Male,None,No tow/articulation,Did not leave carriageway,0,Going ahead other,1,Motorcycle 125cc and under,Data missing or out of range,Front,2004
200401BS00496,66 - 75,7,Urban area,7,1595,None,None,Data missing or out of range,Data missing or out of range,VOLKSWAGEN,GOLF GL AUTO,Petrol,Female,None,No tow/articulation,Did not leave carriageway,0,Going ahead other,2,109,Data missing or out of range,Front,2004
200401BS00497,46 - 55,NA,Data missing or out of range,NA,NA,None,None,Data missing or out of range,Data missing or out of range,IVECO,,NA,Male,None,No tow/articulation,Did not leave carriageway,0,Overtaking static vehicle - offside,1,109,Data missing or out of range,Front,2004
200401BS00499,36 - 45,14,Urban area,4,1997,None,None,Data missing or out of range,Data missing or out of range,MERCEDES,200TE AUTO,Petrol,Male,None,No tow/articulation,Did not leave carriageway,0,Going ahead other,1,109,Data missing or out of range,Front,2004
200401BS00499,26 - 35,4,Urban area,7,1997,None,None,Data missing or out of range,Data missing or out of range,CITROEN,XANTIA SX HDI,Heavy oil,Female,None,No tow/articulation,Did not leave carriageway,0,Going ahead other,2,109,Data missing or out of range,Offside,2004
200401BS00501,36 - 45,7,Data missing or out of range,NA,2300,None,None,Data missing or out of range,Data missing or out of range,FORD,SCORPIO ULTIMA 16V AUTO,Petrol,Male,None,No tow/articulation,Did not leave carriageway,0,Going ahead other,1,109,Data missing or out of range,Offside,2004
200401BS00502,21 - 25,23,Urban area,2,249,None,None,Data missing or out of range,Data missing or out of range,HONDA,,Petrol,Male,Skidded,No tow/articulation,Did not leave carriageway,0,Slowing or stopping,1,106,Data missing or out of range,Offside,2004
200401BS00507,21 - 25,NA,Data missing or out of range,NA,NA,None,None,Data missing or out of range,Data missing or out of range,RENAULT,TRAFIC T900D PRIMA SWB,NA,Male,None,No tow/articulation,Did not leave carriageway,0,Going ahead other,2,109,Data missing or out of range,Front,2004
200401BS00510,56 - 65,2,Urban area,NA,8268,None,None,Data missing or out of range,Data missing or out of range,DENNIS,,Heavy oil,Male,None,No tow/articulation,Did not leave carriageway,0,Parked,1,Bus or coach (17 or more pass seats),Data missing or out of range,Did not impact,2004
200401BS00512,Data missing or out of range,6,Data missing or out of range,NA,2664,None,None,Data missing or out of range,Data missing or out of range,LONDON TAXIS INT,TX1 SILVER AUTO,Heavy oil,Not known,None,No tow/articulation,Did not leave carriageway,0,Overtaking moving vehicle - offside,2,108,Data missing or out of range,Nearside,2004
200401BS00514,26 - 35,NA,Urban area,3,NA,None,None,Data missing or out of range,Data missing or out of range,VAUXHALL,COMBO EPIC 775 1.7D,NA,Male,None,No tow/articulation,Did not leave carriageway,0,Turning right,1,Other vehicle,Data missing or out of range,Offside,2004
200401BS00517,66 - 75,16,Urban area,7,1995,None,None,Data missing or out of range,Data missing or out of range,RENAULT,21 SAVANNA GTX,Petrol,Male,None,No tow/articulation,Did not leave carriageway,0,Going ahead other,1,109,Data missing or out of range,Offside,2004
200401BS00518,46 - 55,1,Rural,9,4398,None,None,Data missing or out of range,Data missing or out of range,LAND ROVER,RANGE ROVER VOGUE V8 AUTO,Petrol,Male,None,No tow/articulation,Did not leave carriageway,0,Slowing or stopping,1,109,Data missing or out of range,Back,2004
200401BS00520,Data missing or out of range,3,Data missing or out of range,NA,1598,None,None,Data missing or out of range,Data missing or out of range,MERCEDES,A160 ELEGANCE,Petrol,Not known,None,No tow/articulation,Did not leave carriageway,0,Going ahead other,2,109,Data missing or out of range,Front,2004
200401BS00523,21 - 25,6,Data missing or out of range,NA,1948,None,None,Data missing or out of range,Data missing or out of range,VOLVO,S40 SE 2.0I,Petrol,Male,None,No tow/articulation,Did not leave carriageway,0,Turning left,2,109,Data missing or out of range,Offside,2004
200401BS00528,26 - 35,10,Urban area,3,1996,None,None,Data missing or out of range,Data missing or out of range,HONDA,ACCORD LS AUTO,Petrol,Male,None,No tow/articulation,Did not leave carriageway,0,Going ahead other,1,109,Data missing or out of range,Front,2004
200401BS00529,46 - 55,1,Urban area,1,2402,None,None,Data missing or out of range,Data missing or out of range,LONDON TAXIS INT,TXII SILVER AUTO,Heavy oil,Male,None,No tow/articulation,Did not leave carriageway,0,Going ahead other,1,108,Data missing or out of range,Nearside,2004
200401BS00530,26 - 35,NA,Urban area,1,1988,None,None,Data missing or out of range,Data missing or out of range,LEXUS,IS 200 LE AUTO,Petrol,Male,None,No tow/articulation,Did not leave carriageway,0,Waiting to go - held up,1,109,Data missing or out of range,Back,2004
200401BS00530,56 - 65,1,Data missing or out of range,NA,1461,None,None,Data missing or out of range,Data missing or out of range,RENAULT,KANGOO SL17 DCI 70+,Heavy oil,Male,None,No tow/articulation,Did not leave carriageway,0,Going ahead other,2,Van / Goods 3.5 tonnes mgw or under,Data missing or out of range,Front,2004
200401BS00531,26 - 35,7,Urban area,4,3201,None,None,Data missing or out of range,Data missing or out of range,BMW,M3 COUPE,Petrol,Male,None,No tow/articulation,Did not leave carriageway,0,Going ahead other,1,109,Data missing or out of range,Offside,2004
200401BS00531,46 - 55,NA,Urban area,6,NA,None,None,Data missing or out of range,Data missing or out of range,PIAGGIO,VESPA ET4,NA,Male,None,No tow/articulation,Did not leave carriageway,0,Going ahead other,2,Motorcycle 125cc and under,Data missing or out of range,Nearside,2004
200401BS00532,46 - 55,NA,Urban area,3,996,None,None,Data missing or out of range,Data missing or out of range,DUCATI,S4 R,Petrol,Male,None,No tow/articulation,Did not leave carriageway,0,Going ahead other,1,106,Data missing or out of range,Offside,2004
200401BS00533,46 - 55,NA,Urban area,10,NA,None,None,Data missing or out of range,Data missing or out of range,MERCEDES,ML270 CDI INSPIRATION AUTO,NA,Male,None,No tow/articulation,Did not leave carriageway,0,Waiting to turn right,1,Bus or coach (17 or more pass seats),Data missing or out of range,Front,2004
200401BS00536,Data missing or out of range,6,Urban area,5,899,None,None,Data missing or out of range,Data missing or out of range,KAWASAKI,,Petrol,Male,None,No tow/articulation,Did not leave carriageway,0,Going ahead other,1,106,Data missing or out of range,Offside,2004
200401BS00536,Data missing or out of range,3,Urban area,NA,996,None,None,Data missing or out of range,Data missing or out of range,HONDA,XL 1000V VARADERO,Petrol,Male,None,No tow/articulation,Did not leave carriageway,0,Going ahead other,2,106,Data missing or out of range,Front,2004
200401BS00537,46 - 55,1,Urban area,9,2446,None,None,Data missing or out of range,Data missing or out of range,METROCAB,METROCAB AUTO,Heavy oil,Male,None,No tow/articulation,Did not leave carriageway,0,Parked,1,108,Data missing or out of range,Back,2004
200401BS00540,Data missing or out of range,NA,Urban area,2,9200,None,None,Data missing or out of range,Data missing or out of range,DAF,,Heavy oil,Male,None,No tow/articulation,Did not leave carriageway,0,Going ahead other,2,Bus or coach (17 or more pass seats),Data missing or out of range,Front,2004
200401BS00545,36 - 45,4,Urban area,2,8300,None,None,Data missing or out of range,Data missing or out of range,DENNIS,,Heavy oil,Male,None,No tow/articulation,Did not leave carriageway,0,Going ahead other,1,Bus or coach (17 or more pass seats),Data missing or out of range,Did not impact,2004
200401BS00546,36 - 45,NA,Urban area,4,NA,None,None,Data missing or out of range,Data missing or out of range,PIAGGIO,VESPA ET4,NA,Female,None,No tow/articulation,Did not leave carriageway,0,Going ahead other,1,Motorcycle 125cc and under,Data missing or out of range,Front,2004
200401BS00548,21 - 25,2,Urban area,4,NA,None,None,Data missing or out of range,Data missing or out of range,DENNIS,,Heavy oil,Male,None,No tow/articulation,Did not leave carriageway,0,Going ahead other,1,Bus or coach (17 or more pass seats),Data missing or out of range,Offside,2004
200401BS00549,Data missing or out of range,1,Data missing or out of range,NA,698,None,None,Data missing or out of range,Data missing or out of range,MCC,SMART PURE SOFTIP 61 S-A,Petrol,Female,None,No tow/articulation,Did not leave carriageway,0,Going ahead other,1,109,Data missing or out of range,Data missing or out of range,2004
200401BS00551,46 - 55,3,Urban area,4,2495,None,None,Data missing or out of range,Data missing or out of range,JAGUAR,,Petrol,Male,None,No tow/articulation,Did not leave carriageway,0,Turning right,1,109,Data missing or out of range,Back,2004
200401BS00552,56 - 65,8,Urban area,8,2435,None,None,Data missing or out of range,Data missing or out of range,VOLVO,850 SE AUTO,Petrol,Male,None,No tow/articulation,Did not leave carriageway,0,Waiting to go - held up,1,109,Data missing or out of range,Nearside,2004
200401BS00556,46 - 55,2,Urban area,10,1339,None,None,Data missing or out of range,Data missing or out of range,HONDA,JAZZ SE SPORT,Petrol,Male,Skidded,No tow/articulation,Did not leave carriageway,0,Going ahead other,1,109,Data missing or out of range,Front,2004
200401BS00557,21 - 25,8,Urban area,7,1799,None,None,Data missing or out of range,Data missing or out of range,VAUXHALL,VECTRA GLS 16V,Petrol,Male,None,No tow/articulation,Did not leave carriageway,0,Going ahead other,1,109,Data missing or out of range,Front,2004
200401BS00557,26 - 35,11,Urban area,7,1389,None,None,Data missing or out of range,Data missing or out of range,VAUXHALL,ASTRA LS I,Petrol,Male,None,No tow/articulation,Did not leave carriageway,0,Waiting to turn right,2,109,Data missing or out of range,Back,2004
200401BS00558,46 - 55,2,Urban area,7,125,None,None,Data missing or out of range,Data missing or out of range,APRILIA,,Petrol,Male,None,No tow/articulation,Did not leave carriageway,0,Going ahead other,2,Motorcycle 125cc and under,Data missing or out of range,Front,2004
200401BS00559,26 - 35,3,Urban area,3,1598,None,None,Data missing or out of range,Data missing or out of range,TOYOTA,AVENSIS GS VVT-I,Petrol,Male,None,No tow/articulation,Did not leave carriageway,0,Going ahead other,3,109,Data missing or out of range,Front,2004
200401BS00560,21 - 25,NA,Urban area,6,NA,None,None,Data missing or out of range,Data missing or out of range,PEUGEOT,LOOXOR 50,NA,Female,None,No tow/articulation,Did not leave carriageway,0,Going ahead other,1,109,Data missing or out of range,Front,2004
200401BS00565,26 - 35,NA,Data missing or out of range,NA,NA,None,None,Data missing or out of range,Data missing or out of range,MERCEDES,,NA,Male,None,No tow/articulation,Did not leave carriageway,0,Overtaking moving vehicle - offside,1,109,Data missing or out of range,Offside,2004
200401BS00565,26 - 35,8,Urban area,6,650,None,None,Data missing or out of range,Data missing or out of range,BMW,F 650,Petrol,Male,None,No tow/articulation,Did not leave carriageway,0,Going ahead other,2,106,Data missing or out of range,Nearside,2004
200401BS00568,36 - 45,5,Urban area,2,1998,None,None,Data missing or out of range,Data missing or out of range,RENAULT,LAGUNA ALIZE AUTO,Petrol,Female,None,No tow/articulation,Did not leave carriageway,0,Going ahead other,1,109,Data missing or out of range,Nearside,2004
200401BS00569,36 - 45,1,Rural,7,2776,None,None,Data missing or out of range,Data missing or out of range,JEEP,CHEROKEE CRD SPORT,Heavy oil,Male,None,No tow/articulation,Did not leave carriageway,0,Going ahead other,1,109,Data missing or out of range,Front,2004
200401BS00571,26 - 35,1,Urban area,2,7300,None,None,Data missing or out of range,Data missing or out of range,VOLVO,,Heavy oil,Not known,None,No tow/articulation,Did not leave carriageway,0,Going ahead other,1,Bus or coach (17 or more pass seats),Data missing or out of range,Did not impact,2004
200401BS00572,Data missing or out of range,NA,Data missing or out of range,NA,NA,None,None,Data missing or out of range,Data missing or out of range,FORD,TRANSIT 350 LWB TD,NA,Not known,None,No tow/articulation,Did not leave carriageway,0,Overtaking - nearside,2,109,Data missing or out of range,Nearside,2004
200401BS00573,21 - 25,17,Urban area,5,400,None,None,Data missing or out of range,Data missing or out of range,HONDA,,Petrol,Male,None,No tow/articulation,Did not leave carriageway,0,Going ahead other,2,106,Data missing or out of range,Front,2004
200401BS00575,Data missing or out of range,3,Urban area,4,2671,None,None,Data missing or out of range,Data missing or out of range,AUDI,RS4 QUATTRO,Petrol,Male,None,No tow/articulation,Did not leave carriageway,0,Slowing or stopping,2,109,Data missing or out of range,Back,2004
200401BS00576,56 - 65,3,Urban area,10,125,None,None,Data missing or out of range,Data missing or out of range,APRILIA,,Petrol,Male,None,No tow/articulation,Did not leave carriageway,0,Going ahead other,2,Motorcycle 125cc and under,Data missing or out of range,Front,2004
200401BS00579,46 - 55,6,Urban area,9,2793,None,None,Data missing or out of range,Data missing or out of range,BMW,528I SE AUTO,Petrol,Male,None,No tow/articulation,Did not leave carriageway,0,Overtaking moving vehicle - offside,2,109,Data missing or out of range,Nearside,2004
200401BS00583,21 - 25,2,Urban area,5,8268,None,None,Data missing or out of range,Data missing or out of range,DENNIS,,Heavy oil,Male,None,No tow/articulation,Did not leave carriageway,0,Going ahead other,1,Bus or coach (17 or more pass seats),Data missing or out of range,Did not impact,2004
200401BS00584,36 - 45,4,Urban area,6,2979,None,None,Data missing or out of range,Data missing or out of range,BMW,330 CI AUTO,Petrol,Male,None,No tow/articulation,Did not leave carriageway,0,Reversing,1,109,Data missing or out of range,Back,2004
200401BS00584,Over 75,10,Data missing or out of range,NA,1390,None,None,Data missing or out of range,Data missing or out of range,RENAULT,CLIO RN AUTO,Petrol,Female,None,No tow/articulation,Did not leave carriageway,0,Going ahead other,2,109,Data missing or out of range,Front,2004
200401BS00585,36 - 45,14,Urban area,8,124,None,None,Data missing or out of range,Data missing or out of range,SUZUKI,,Petrol,Male,None,No tow/articulation,Did not leave carriageway,0,Going ahead other,1,Motorcycle 125cc and under,Data missing or out of range,Front,2004
200401BS00586,26 - 35,3,Urban area,4,8268,None,None,Data missing or out of range,Data missing or out of range,DENNIS,,Heavy oil,Male,None,No tow/articulation,Did not leave carriageway,0,Going ahead other,1,Bus or coach (17 or more pass seats),Data missing or out of range,Did not impact,2004
200401BS00587,36 - 45,NA,Urban area,6,124,None,None,Data missing or out of range,Data missing or out of range,HONDA,CG 125-4,Petrol,Male,None,No tow/articulation,Did not leave carriageway,0,Turning left,1,Motorcycle 125cc and under,Data missing or out of range,Front,2004
200401BS00587,26 - 35,11,Urban area,6,649,None,None,Data missing or out of range,Data missing or out of range,HONDA,,Petrol,Male,None,No tow/articulation,Did not leave carriageway,0,Going ahead other,2,106,Data missing or out of range,Nearside,2004
200401BS00588,36 - 45,NA,Urban area,7,124,None,None,Data missing or out of range,Data missing or out of range,PIAGGIO,VESPA ET4,Petrol,Male,None,No tow/articulation,Did not leave carriageway,0,Going ahead other,1,Motorcycle 125cc and under,Data missing or out of range,Did not impact,2004
200401BS00589,46 - 55,17,Urban area,4,2316,None,None,Data missing or out of range,Data missing or out of range,VOLVO,740 GLE AUTO,Petrol,Female,None,No tow/articulation,Did not leave carriageway,0,Changing lane to left,2,109,Data missing or out of range,Front,2004
200401BS00590,26 - 35,2,Urban area,4,49,None,None,Data missing or out of range,Data missing or out of range,PIAGGIO,ET2,Petrol,Male,None,No tow/articulation,Did not leave carriageway,0,Going ahead other,1,Motorcycle 50cc and under,Data missing or out of range,Offside,2004
200401BS00590,56 - 65,NA,Urban area,4,NA,None,None,Data missing or out of range,Data missing or out of range,LONDON TAXIS INT,TX1 SILVER AUTO,NA,Male,None,No tow/articulation,Did not leave carriageway,0,Turning right,2,109,Data missing or out of range,Front,2004
200401BS00593,66 - 75,NA,Urban area,2,1598,None,None,Data missing or out of range,Data missing or out of range,MINI,MINI ONE AUTO,Petrol,Female,None,No tow/articulation,Did not leave carriageway,0,Going ahead other,1,109,Data missing or out of range,Front,2004
200401BS00597,26 - 35,5,Urban area,7,1998,None,None,Data missing or out of range,Data missing or out of range,MERCEDES,CLK 200 SPORT AUTO,Petrol,Male,None,No tow/articulation,Did not leave carriageway,0,Waiting to go - held up,1,109,Data missing or out of range,Back,2004
200401BS00603,56 - 65,2,Urban area,7,7300,None,None,Data missing or out of range,Data missing or out of range,VOLVO,,Heavy oil,Male,None,No tow/articulation,Did not leave carriageway,0,Going ahead other,1,Bus or coach (17 or more pass seats),Data missing or out of range,Did not impact,2004
200401BS00604,26 - 35,2,Data missing or out of range,NA,1598,None,None,Data missing or out of range,Data missing or out of range,MINI,MINI ONE AUTO,Petrol,Female,None,No tow/articulation,Did not leave carriageway,0,Going ahead other,1,109,Data missing or out of range,Offside,2004
200401BS09026,36 - 45,5,Urban area,2,124,None,None,Data missing or out of range,Data missing or out of range,PIAGGIO,VESPA ET4,Petrol,Male,None,No tow/articulation,Did not leave carriageway,0,Overtaking moving vehicle - offside,1,Motorcycle 125cc and under,Data missing or out of range,Nearside,2004
200401BS09030,56 - 65,2,Urban area,6,2495,None,None,Data missing or out of range,Data missing or out of range,LAND ROVER,DISCOVERY SERENGETI TD5,Heavy oil,Male,None,No tow/articulation,Did not leave carriageway,0,Slowing or stopping,2,109,Data missing or out of range,Back,2004
200401CP00006,36 - 45,1,Urban area,3,1261,None,None,Data missing or out of range,Data missing or out of range,HONDA,ST1300 A,Petrol,Male,None,No tow/articulation,Did not leave carriageway,0,Going ahead other,1,106,Data missing or out of range,Data missing or out of range,2004
200401CP00024,46 - 55,2,Urban area,3,6370,None,None,Data missing or out of range,Data missing or out of range,MERCEDES,,Heavy oil,Male,None,No tow/articulation,Did not leave carriageway,4,Changing lane to left,2,Bus or coach (17 or more pass seats),Data missing or out of range,Data missing or out of range,2004
200401CP00026,26 - 35,9,Urban area,3,1590,None,None,Data missing or out of range,Data missing or out of range,HONDA,CIVIC 1.6I LS AUTO,Petrol,Male,None,No tow/articulation,Did not leave carriageway,0,Turning left,2,109,Data missing or out of range,Data missing or out of range,2004
200401CP00027,56 - 65,5,Urban area,NA,NA,None,None,Data missing or out of range,Data missing or out of range,DENNIS,,Heavy oil,Male,None,No tow/articulation,Did not leave carriageway,0,Parked,1,Bus or coach (17 or more pass seats),Data missing or out of range,Did not impact,2004
200401CP00029,Data missing or out of range,4,Small town,4,11021,None,None,Data missing or out of range,Data missing or out of range,SCANIA,,Heavy oil,Male,None,No tow/articulation,Did not leave carriageway,0,Going ahead other,1,Goods 7.5 tonnes mgw and over,Data missing or out of range,Data missing or out of range,2004
200401CP00030,46 - 55,NA,Urban area,8,2148,None,None,Data missing or out of range,Data missing or out of range,MERCEDES,VIANO CDI2.2 AMB XLONG A,Heavy oil,Male,None,No tow/articulation,Did not leave carriageway,0,Going ahead other,2,109,Data missing or out of range,Data missing or out of range,2004
200401CP00033,26 - 35,1,Urban area,4,600,None,None,Data missing or out of range,Data missing or out of range,SUZUKI,GSX 600 FK2,Petrol,Male,None,No tow/articulation,Did not leave carriageway,0,Going ahead other,1,106,Data missing or out of range,Data missing or out of range,2004
200401CP00035,36 - 45,7,Urban area,3,1700,None,None,Data missing or out of range,Data missing or out of range,VAUXHALL,ASTRA LS 1.7D TURBO,Heavy oil,Male,None,No tow/articulation,Did not leave carriageway,0,Parked,1,109,Data missing or out of range,Data missing or out of range,2004
200401CP00035,26 - 35,1,Urban area,6,748,Parked vehicle,None,Data missing or out of range,Data missing or out of range,DUCATI,748B,Petrol,Male,None,No tow/articulation,Did not leave carriageway,0,Going ahead other,2,106,Data missing or out of range,Data missing or out of range,2004
200401CP00037,26 - 35,4,Urban area,5,NA,None,None,Data missing or out of range,Data missing or out of range,DENNIS,,Heavy oil,Male,None,No tow/articulation,Did not leave carriageway,0,Going ahead other,1,Bus or coach (17 or more pass seats),Data missing or out of range,Data missing or out of range,2004
200401CP00040,36 - 45,1,Data missing or out of range,NA,2926,None,None,Data missing or out of range,Data missing or out of range,BMW,,Heavy oil,Male,None,No tow/articulation,Did not leave carriageway,0,Turning left,2,109,Data missing or out of range,Data missing or out of range,2004
200401CP00041,26 - 35,1,Urban area,4,2402,None,None,Data missing or out of range,Data missing or out of range,LONDON TAXIS INT,TXII BRONZE AUTO,Heavy oil,Male,None,No tow/articulation,Did not leave carriageway,0,Waiting to go - held up,1,108,Data missing or out of range,Data missing or out of range,2004
200401CP00042,46 - 55,13,Urban area,4,2959,None,None,Data missing or out of range,Data missing or out of range,ALFA ROMEO,164 GREEN CLOVERLEAF,Petrol,Female,None,No tow/articulation,Did not leave carriageway,0,Going ahead other,2,109,Data missing or out of range,Data missing or out of range,2004
200401CP00044,26 - 35,3,Urban area,9,892,None,None,Data missing or out of range,Data missing or out of range,YAMAHA,XJ 900 S,Petrol,Male,None,No tow/articulation,Did not leave carriageway,0,Waiting to go - held up,1,106,Data missing or out of range,Data missing or out of range,2004
200401CP00045,36 - 45,2,Urban area,5,124,None,None,Data missing or out of range,Data missing or out of range,PIAGGIO,VESPA ET4,Petrol,Male,None,No tow/articulation,Did not leave carriageway,0,Turning left,1,Motorcycle 125cc and under,Data missing or out of range,Did not impact,2004
200401CP00048,36 - 45,3,Data missing or out of range,NA,8268,None,None,Data missing or out of range,Data missing or out of range,DENNIS,,Heavy oil,Female,None,No tow/articulation,Did not leave carriageway,0,Going ahead other,1,Bus or coach (17 or more pass seats),Data missing or out of range,Data missing or out of range,2004
200401CP00049,36 - 45,10,Urban area,3,1781,None,None,Data missing or out of range,Data missing or out of range,VOLKSWAGEN,GOLF CL (75 BHP),Petrol,Male,None,No tow/articulation,Did not leave carriageway,0,Going ahead other,1,109,Data missing or out of range,Data missing or out of range,2004
200401CP00052,26 - 35,8,Urban area,3,1762,None,None,Data missing or out of range,Data missing or out of range,TOYOTA,CARINA E GS AUTO,Petrol,Male,None,No tow/articulation,Did not leave carriageway,0,Going ahead other,2,109,Data missing or out of range,Data missing or out of range,2004
200401CP00058,26 - 35,3,Urban area,1,8268,None,None,Data missing or out of range,Data missing or out of range,DENNIS,,Heavy oil,Male,None,No tow/articulation,Did not leave carriageway,0,Going ahead other,1,Bus or coach (17 or more pass seats),Data missing or out of range,Data missing or out of range,2004
200401CP00060,36 - 45,2,Urban area,3,998,None,None,Data missing or out of range,Data missing or out of range,YAMAHA,,Petrol,Male,None,No tow/articulation,Did not leave carriageway,0,Going ahead other,1,106,Data missing or out of range,Data missing or out of range,2004
200401CP00061,46 - 55,4,Urban area,5,1796,None,None,Data missing or out of range,Data missing or out of range,MG,MGF SE,Petrol,Female,None,No tow/articulation,Did not leave carriageway,0,Parked,2,109,Data missing or out of range,Data missing or out of range,2004
200401CP00062,Data missing or out of range,5,Data missing or out of range,NA,NA,None,None,Data missing or out of range,Data missing or out of range,DENNIS,,Heavy oil,Not known,None,No tow/articulation,Did not leave carriageway,0,Going ahead other,1,Bus or coach (17 or more pass seats),Data missing or out of range,Data missing or out of range,2004
200401CP00063,Data missing or out of range,3,Data missing or out of range,NA,2800,Kerb,Other permanent object,Data missing or out of range,Data missing or out of range,IVECO,,Heavy oil,Male,None,No tow/articulation,Nearside,0,Going ahead other,1,Van / Goods 3.5 tonnes mgw or under,Data missing or out of range,Did not impact,2004
200401CP00064,26 - 35,2,Urban area,8,125,None,None,Data missing or out of range,Data missing or out of range,HONDA,SH125,Petrol,Male,None,No tow/articulation,Did not leave carriageway,0,Going ahead other,1,Motorcycle 125cc and under,Data missing or out of range,Data missing or out of range,2004
200401CP00065,26 - 35,3,Urban area,4,7300,None,None,Data missing or out of range,Data missing or out of range,VOLVO,,Heavy oil,Male,None,No tow/articulation,Did not leave carriageway,0,Going ahead other,1,Bus or coach (17 or more pass seats),Data missing or out of range,Data missing or out of range,2004
200401CP00065,Data missing or out of range,NA,Data missing or out of range,NA,NA,None,None,Data missing or out of range,Data missing or out of range,LONDON TAXIS INT,TX1 SILVER AUTO,NA,Not known,None,No tow/articulation,Did not leave carriageway,0,Going ahead other,2,108,Data missing or out of range,Data missing or out of range,2004
200401CP00066,26 - 35,28,Urban area,2,243,None,None,Data missing or out of range,Data missing or out of range,MZ,,Petrol,Male,None,No tow/articulation,Did not leave carriageway,0,Going ahead other,1,106,Data missing or out of range,Front,2004
200401CP00068,66 - 75,5,Urban area,7,2664,None,None,Data missing or out of range,Data missing or out of range,LONDON TAXIS INT,TX1 BRONZE AUTO,Heavy oil,Male,None,No tow/articulation,Did not leave carriageway,0,Waiting to go - held up,1,108,Data missing or out of range,Back,2004
200401CP00068,56 - 65,5,Data missing or out of range,NA,2664,None,None,Data missing or out of range,Data missing or out of range,LONDON TAXIS INT,TX1 SILVER AUTO,Heavy oil,Male,None,No tow/articulation,Did not leave carriageway,0,Going ahead other,3,108,Data missing or out of range,Data missing or out of range,2004
200401CP00070,36 - 45,4,Data missing or out of range,NA,1300,None,None,Data missing or out of range,Data missing or out of range,VOLKSWAGEN,1303 BEETLE,Petrol,Female,None,No tow/articulation,Did not leave carriageway,0,Waiting to go - held up,3,109,Data missing or out of range,Back,2004
200401CP00074,46 - 55,1,Data missing or out of range,NA,1397,None,None,Data missing or out of range,Data missing or out of range,MERCEDES,A140 CLASSIC SE SWB AUTO,Petrol,Male,None,No tow/articulation,Did not leave carriageway,0,Overtaking moving vehicle - offside,1,109,Data missing or out of range,Nearside,2004
200401CP00077,36 - 45,NA,Urban area,5,NA,None,None,Data missing or out of range,Data missing or out of range,PEUGEOT,PARTNER 600 LX DIESEL,NA,Male,None,No tow/articulation,Did not leave carriageway,0,Going ahead other,1,109,Data missing or out of range,Offside,2004
200401CP00078,66 - 75,6,Urban area,NA,2664,None,None,Data missing or out of range,Data missing or out of range,LONDON TAXIS INT,TX1 BRONZE AUTO,Heavy oil,Male,None,No tow/articulation,Did not leave carriageway,0,Turning right,2,108,Data missing or out of range,Offside,2004
200401CP00080,46 - 55,4,Urban area,10,2664,None,None,Data missing or out of range,Data missing or out of range,LONDON TAXIS INT,TX1 BRONZE AUTO,Heavy oil,Male,None,No tow/articulation,Did not leave carriageway,0,Changing lane to left,1,108,Data missing or out of range,Back,2004
200401CP00080,26 - 35,4,Urban area,NA,955,None,None,Data missing or out of range,Data missing or out of range,TRIUMPH,DAYTONA 955I,Petrol,Male,None,No tow/articulation,Did not leave carriageway,0,Going ahead other,2,106,Data missing or out of range,Front,2004
200401CP00082,36 - 45,3,Urban area,2,7300,None,None,Data missing or out of range,Data missing or out of range,VOLVO,,Heavy oil,Male,None,No tow/articulation,Did not leave carriageway,0,Overtaking static vehicle - offside,1,Bus or coach (17 or more pass seats),Data missing or out of range,Data missing or out of range,2004
200401CP00084,26 - 35,5,Urban area,1,1834,None,None,Data missing or out of range,Data missing or out of range,MITSUBISHI,CARISMA GLSI AUTO,Petrol,Male,None,No tow/articulation,Did not leave carriageway,0,Waiting to go - held up,1,109,Data missing or out of range,Back,2004
200401CP00084,Data missing or out of range,5,Urban area,3,1998,None,None,Data missing or out of range,Data missing or out of range,NISSAN,PRIMERA SX 16V,Petrol,Male,None,No tow/articulation,Did not leave carriageway,0,Going ahead other,2,109,Data missing or out of range,Front,2004
200401CP00085,46 - 55,5,Urban area,3,198,None,None,Data missing or out of range,Data missing or out of range,PIAGGIO,PX 200 E,Petrol,Female,None,No tow/articulation,Did not leave carriageway,0,Going ahead other,2,106,Data missing or out of range,Back,2004
200401CP00087,36 - 45,1,Data missing or out of range,NA,7300,None,None,Data missing or out of range,Data missing or out of range,VOLVO,,Heavy oil,Male,None,No tow/articulation,Did not leave carriageway,0,Going ahead other,1,Bus or coach (17 or more pass seats),Data missing or out of range,Did not impact,2004
200401CP00092,21 - 25,5,Urban area,1,NA,None,None,Data missing or out of range,Data missing or out of range,DENNIS,,Heavy oil,Male,None,No tow/articulation,Did not leave carriageway,0,Going ahead other,1,Bus or coach (17 or more pass seats),Data missing or out of range,Data missing or out of range,2004
200401CP00095,26 - 35,3,Data missing or out of range,NA,2151,None,None,Data missing or out of range,Data missing or out of range,MERCEDES,VITO 112 CDI,Heavy oil,Male,None,No tow/articulation,Did not leave carriageway,0,Parked,1,Van / Goods 3.5 tonnes mgw or under,Data missing or out of range,Offside,2004
200401CP00103,Data missing or out of range,NA,Data missing or out of range,NA,NA,None,None,Data missing or out of range,Data missing or out of range,CITROEN,ZX REFLEX,NA,Not known,None,No tow/articulation,Did not leave carriageway,0,Going ahead other,2,106,Data missing or out of range,Data missing or out of range,2004
200401CP00104,Data missing or out of range,4,Data missing or out of range,NA,2664,None,None,Data missing or out of range,Data missing or out of range,LONDON TAXIS INT,TX1 SILVER AUTO,Heavy oil,Male,None,No tow/articulation,Did not leave carriageway,0,Reversing,1,108,Data missing or out of range,Back,2004
200401CP00105,46 - 55,2,Urban area,6,2979,None,None,Data missing or out of range,Data missing or out of range,BMW,330CI AUTO,Petrol,Male,None,No tow/articulation,Did not leave carriageway,0,Going ahead other,2,109,Data missing or out of range,Data missing or out of range,2004
200401CP00112,21 - 25,2,Urban area,9,1998,None,None,Data missing or out of range,Data missing or out of range,FORD,TRANSIT 280 SWB TD,Heavy oil,Male,None,No tow/articulation,Did not leave carriageway,0,Changing lane to left,1,Van / Goods 3.5 tonnes mgw or under,Data missing or out of range,Data missing or out of range,2004
200401CP00113,36 - 45,2,Urban area,2,2148,None,None,Data missing or out of range,Data missing or out of range,MERCEDES,E220 CDI ELEGANCE AUTO,Heavy oil,Male,None,No tow/articulation,Did not leave carriageway,0,Going ahead other,1,109,Data missing or out of range,Data missing or out of range,2004
200401CP00119,46 - 55,1,Urban area,1,8268,None,None,Data missing or out of range,Data missing or out of range,DENNIS,,Heavy oil,Male,None,No tow/articulation,Did not leave carriageway,0,Going ahead other,1,Bus or coach (17 or more pass seats),Data missing or out of range,Did not impact,2004
200401CP00120,26 - 35,2,Urban area,2,7300,None,None,Data missing or out of range,Data missing or out of range,VOLVO,,Heavy oil,Male,None,No tow/articulation,Did not leave carriageway,0,Going ahead other,1,Bus or coach (17 or more pass seats),Data missing or out of range,Data missing or out of range,2004
200401CP00122,46 - 55,2,Urban area,2,6370,None,None,Data missing or out of range,Data missing or out of range,MERCEDES,,Heavy oil,Male,None,No tow/articulation,Did not leave carriageway,0,Changing lane to left,2,Bus or coach (17 or more pass seats),Data missing or out of range,Data missing or out of range,2004
200401CP00124,36 - 45,NA,Urban area,3,NA,None,None,Data missing or out of range,Data missing or out of range,CITROEN,XSARA PICASSO DESIRE 2HDI,NA,Male,None,No tow/articulation,Did not leave carriageway,0,Going ahead other,1,Van / Goods 3.5 tonnes mgw or under,Data missing or out of range,Data missing or out of range,2004
200401CP00127,56 - 65,1,Urban area,3,892,None,None,Data missing or out of range,Data missing or out of range,YAMAHA,XJ 900 S,Petrol,Male,None,No tow/articulation,Did not leave carriageway,0,Waiting to go - held up,2,106,Data missing or out of range,Data missing or out of range,2004
200401CP00127,Data missing or out of range,1,Urban area,3,1995,None,None,Data missing or out of range,Data missing or out of range,BMW,318 TI SE COMPACT,Petrol,Not known,None,No tow/articulation,Did not leave carriageway,0,Waiting to go - held up,3,109,Data missing or out of range,Data missing or out of range,2004
200401CP00130,26 - 35,NA,Urban area,3,NA,None,None,Data missing or out of range,Data missing or out of range,VAUXHALL,VIVARO 2700 DI SWB,NA,Male,None,No tow/articulation,Did not leave carriageway,0,Moving off,1,109,Data missing or out of range,Data missing or out of range,2004
200401CP00132,26 - 35,2,Urban area,7,124,Open door of vehicle,None,Data missing or out of range,Data missing or out of range,PIAGGIO,VESPA ET4,Petrol,Female,None,No tow/articulation,Did not leave carriageway,0,Going ahead other,2,Motorcycle 125cc and under,Data missing or out of range,Data missing or out of range,2004
200401CP00134,36 - 45,4,Urban area,5,1000,None,None,Data missing or out of range,Data missing or out of range,APRILIA,,Petrol,Male,None,No tow/articulation,Did not leave carriageway,0,Going ahead other,1,106,Data missing or out of range,Did not impact,2004
200401CP00135,36 - 45,NA,Urban area,3,NA,None,None,Data missing or out of range,Data missing or out of range,FORD,TRANSIT 350 LWB TD,NA,Male,None,No tow/articulation,Did not leave carriageway,0,Going ahead other,1,Van / Goods 3.5 tonnes mgw or under,Data missing or out of range,Data missing or out of range,2004
200401CP00138,Data missing or out of range,5,Urban area,2,NA,None,None,Data missing or out of range,Data missing or out of range,DENNIS,,Heavy oil,Male,None,No tow/articulation,Did not leave carriageway,0,Going ahead other,1,Bus or coach (17 or more pass seats),Data missing or out of range,Data missing or out of range,2004
200401CP00140,26 - 35,1,Urban area,9,600,None,None,Data missing or out of range,Data missing or out of range,SUZUKI,GSF 600 SK3,Petrol,Male,None,No tow/articulation,Did not leave carriageway,0,Overtaking static vehicle - offside,1,106,Data missing or out of range,Data missing or out of range,2004
200401CP00144,46 - 55,16,Urban area,1,1994,None,None,Data missing or out of range,Data missing or out of range,VOLKSWAGEN,PASSAT GL5,Petrol,Female,None,No tow/articulation,Did not leave carriageway,0,Going ahead other,2,109,Data missing or out of range,Data missing or out of range,2004
200401CP00146,36 - 45,4,Data missing or out of range,NA,1200,None,None,Data missing or out of range,Data missing or out of range,HARLEY-DAVIDSON,XL 1200 C CUSTOM SPORT,Petrol,Male,None,No tow/articulation,Did not leave carriageway,0,Going ahead other,2,106,Data missing or out of range,Data missing or out of range,2004
200401CP00149,26 - 35,9,Urban area,2,2199,None,None,Data missing or out of range,Data missing or out of range,MERCEDES,E220 AUTO,Petrol,Male,None,No tow/articulation,Did not leave carriageway,0,Turning right,1,109,Data missing or out of range,Offside,2004
200401CP00149,26 - 35,2,Urban area,3,1000,None,None,Data missing or out of range,Data missing or out of range,APRILIA,,Petrol,Male,None,No tow/articulation,Did not leave carriageway,0,Overtaking static vehicle - offside,2,106,Data missing or out of range,Front,2004
200401CP00151,36 - 45,NA,Urban area,6,1199,None,None,Data missing or out of range,Data missing or out of range,VAUXHALL,CORSA DESIGN DUAL FUEL,Gas/Bi-fuel,Male,None,No tow/articulation,Did not leave carriageway,0,Slowing or stopping,1,109,Data missing or out of range,Back,2004
200401CP00151,21 - 25,8,Urban area,1,1108,None,None,Data missing or out of range,Data missing or out of range,FIAT,PUNTO 55 SX,Petrol,Female,None,No tow/articulation,Did not leave carriageway,0,Going ahead other,2,109,Data missing or out of range,Front,2004
200401CP00152,36 - 45,3,Urban area,3,8268,None,None,Data missing or out of range,Data missing or out of range,DENNIS,,Heavy oil,Male,None,No tow/articulation,Did not leave carriageway,0,Going ahead other,1,Bus or coach (17 or more pass seats),Data missing or out of range,Did not impact,2004
200401CP00155,46 - 55,2,Data missing or out of range,NA,2151,None,None,Data missing or out of range,Data missing or out of range,MERCEDES,VITO 112 CDI,Heavy oil,Male,None,No tow/articulation,Did not leave carriageway,0,Waiting to go - held up,2,Van / Goods 3.5 tonnes mgw or under,Data missing or out of range,Back,2004
200401CP00156,56 - 65,1,Rural,7,1995,None,None,Data missing or out of range,Data missing or out of range,BMW,320 D SE TOURING,Heavy oil,Male,None,No tow/articulation,Did not leave carriageway,0,Waiting to go - held up,1,109,Data missing or out of range,Back,2004
200401CP00159,46 - 55,NA,Urban area,2,8268,None,None,Data missing or out of range,Data missing or out of range,TRANSBUS INT,,Heavy oil,Male,None,No tow/articulation,Did not leave carriageway,0,Parked,1,Bus or coach (17 or more pass seats),Data missing or out of range,Did not impact,2004
200401CP00161,26 - 35,NA,Data missing or out of range,NA,NA,None,None,Data missing or out of range,Data missing or out of range,VAUXHALL,COMBO SE 1.7D,NA,Male,None,No tow/articulation,Did not leave carriageway,0,Turning right,1,Other vehicle,Data missing or out of range,Nearside,2004
200401CP00164,26 - 35,2,Data missing or out of range,NA,1796,None,None,Data missing or out of range,Data missing or out of range,VAUXHALL,ASTRA 16V ELEGANCE AUTO,Petrol,Male,None,No tow/articulation,Did not leave carriageway,0,Slowing or stopping,1,109,Data missing or out of range,Back,2004
200401CP00165,36 - 45,13,Urban area,4,123,None,None,Data missing or out of range,Data missing or out of range,VESPA (DOUGLAS),,Petrol,Male,None,No tow/articulation,Did not leave carriageway,0,Overtaking static vehicle - offside,1,Motorcycle 125cc and under,Data missing or out of range,Offside,2004
200401CP00165,21 - 25,1,Urban area,8,1686,None,None,Data missing or out of range,Data missing or out of range,VAUXHALL,ASTRA LS DTI,Heavy oil,Male,None,No tow/articulation,Did not leave carriageway,0,Waiting to turn right,2,Van / Goods 3.5 tonnes mgw or under,Data missing or out of range,Nearside,2004
200401CP00167,36 - 45,1,Urban area,8,955,None,None,Data missing or out of range,Data missing or out of range,TRIUMPH,SPEED TRIPLE 955I,Petrol,Male,None,No tow/articulation,Did not leave carriageway,0,Going ahead other,2,106,Data missing or out of range,Data missing or out of range,2004
200401CP00169,26 - 35,2,Urban area,5,1998,None,None,Data missing or out of range,Data missing or out of range,FORD,TRANSIT 280 SWB TD,Heavy oil,Male,None,No tow/articulation,Did not leave carriageway,0,Waiting to go - held up,1,Van / Goods 3.5 tonnes mgw or under,Data missing or out of range,Back,2004
200401CP00170,26 - 35,10,Rural,7,2370,None,None,Data missing or out of range,Data missing or out of range,VOLKSWAGEN,TRANSPORTER DIES,Heavy oil,Male,None,No tow/articulation,Did not leave carriageway,0,Parked,1,Van / Goods 3.5 tonnes mgw or under,Data missing or out of range,Data missing or out of range,2004
200401CP00172,56 - 65,4,Urban area,8,2461,None,None,Data missing or out of range,Data missing or out of range,VOLKSWAGEN,LT 35 TDI LWB,Heavy oil,Male,None,No tow/articulation,Did not leave carriageway,0,Turning left,1,Van / Goods 3.5 tonnes mgw or under,Data missing or out of range,Data missing or out of range,2004
200401CP00173,36 - 45,2,Urban area,2,2435,None,None,Data missing or out of range,Data missing or out of range,VOLVO,V70 TORSLANDA,Petrol,Male,None,No tow/articulation,Did not leave carriageway,0,Going ahead other,1,109,Data missing or out of range,Front,2004
200401CP00174,26 - 35,NA,Urban area,4,1199,None,None,Data missing or out of range,Data missing or out of range,VAUXHALL,CORSA LIFE 16V,Petrol,Male,None,No tow/articulation,Did not leave carriageway,0,Going ahead other,2,109,Data missing or out of range,Nearside,2004
200401CP00184,36 - 45,NA,Urban area,2,NA,None,None,Data missing or out of range,Data missing or out of range,VAUXHALL,ASTRAVAN MERIT D,NA,Male,None,No tow/articulation,Did not leave carriageway,0,Changing lane to right,1,109,Data missing or out of range,Front,2004
200401CP00184,36 - 45,1,Data missing or out of range,NA,12130,Previous accident,None,Data missing or out of range,Data missing or out of range,VOLVO,,Heavy oil,Male,None,No tow/articulation,Did not leave carriageway,0,Slowing or stopping,3,Goods 7.5 tonnes mgw and over,Data missing or out of range,Back,2004
200401CP00185,46 - 55,NA,Urban area,8,NA,None,None,Data missing or out of range,Data missing or out of range,FIAT,,NA,Male,None,No tow/articulation,Did not leave carriageway,0,Overtaking static vehicle - offside,1,108,Data missing or out of range,Data missing or out of range,2004
200401CP00193,26 - 35,8,Urban area,5,1747,Kerb,None,Data missing or out of range,Data missing or out of range,FIAT,BRAVA 1.8 ELX,Petrol,Male,None,No tow/articulation,Nearside,0,Going ahead other,1,109,Data missing or out of range,Did not impact,2004
200401CP00194,36 - 45,NA,Urban area,9,2402,None,None,Data missing or out of range,Data missing or out of range,LONDON TAXIS INT,TXII BRONZE AUTO,Heavy oil,Male,None,No tow/articulation,Did not leave carriageway,0,Changing lane to left,2,108,Data missing or out of range,Data missing or out of range,2004
200401CP00195,Data missing or out of range,6,Urban area,10,2664,None,None,Data missing or out of range,Data missing or out of range,LONDON TAXIS INT,TX1 SILVER AUTO,Heavy oil,Male,None,No tow/articulation,Did not leave carriageway,0,Moving off,2,108,Data missing or out of range,Data missing or out of range,2004
200401CP00199,46 - 55,NA,Data missing or out of range,NA,899,None,None,Data missing or out of range,Data missing or out of range,KAWASAKI,ZX 900 F2P,Petrol,Male,None,No tow/articulation,Did not leave carriageway,0,Going ahead other,2,106,Data missing or out of range,Data missing or out of range,2004
200401CP00200,46 - 55,NA,Urban area,5,NA,None,None,Data missing or out of range,Data missing or out of range,HARLEY-DAVIDSON,FLSTCI HERITAGE SOFTAIL CLA,NA,Male,None,No tow/articulation,Did not leave carriageway,0,Parked,1,Bus or coach (17 or more pass seats),Data missing or out of range,Did not impact,2004
200401CP00201,46 - 55,3,Urban area,4,1587,None,None,Data missing or out of range,Data missing or out of range,CITROEN,XSARA LX 16V AUTO,Petrol,Male,None,No tow/articulation,Did not leave carriageway,0,Going ahead other,1,109,Data missing or out of range,Data missing or out of range,2004
200401CP00203,26 - 35,NA,Data missing or out of range,NA,8268,None,None,Data missing or out of range,Data missing or out of range,TRANSBUS INT,,Heavy oil,Male,None,No tow/articulation,Did not leave carriageway,0,Going ahead other,2,Bus or coach (17 or more pass seats),Data missing or out of range,Nearside,2004
200401CP00204,Data missing or out of range,10,Urban area,10,2370,None,None,Data missing or out of range,Data missing or out of range,VOLKSWAGEN,TRANSPORTER DIES,Heavy oil,Male,None,No tow/articulation,Did not leave carriageway,0,Parked,2,Van / Goods 3.5 tonnes mgw or under,Data missing or out of range,Offside,2004
200401CP00205,46 - 55,5,Data missing or out of range,NA,2664,None,None,Data missing or out of range,Data missing or out of range,LONDON TAXIS INT,TX1 SILVER AUTO,Heavy oil,Male,None,No tow/articulation,Did not leave carriageway,0,Going ahead left-hand bend,1,108,Data missing or out of range,Nearside,2004
200401CP00207,26 - 35,7,Data missing or out of range,NA,599,None,None,Data missing or out of range,Data missing or out of range,SUZUKI,,Petrol,Male,None,No tow/articulation,Did not leave carriageway,0,Going ahead other,1,106,Data missing or out of range,Offside,2004
200401CP00207,36 - 45,NA,Data missing or out of range,NA,NA,None,None,Data missing or out of range,Data missing or out of range,SEAT,ALHAMBRA TDI S,NA,Male,None,No tow/articulation,Did not leave carriageway,0,Going ahead other,2,Bus or coach (17 or more pass seats),Data missing or out of range,Nearside,2004
200401CP00214,26 - 35,3,Data missing or out of range,NA,124,None,None,Data missing or out of range,Data missing or out of range,PIAGGIO,VESPA ET4,Petrol,Male,Skidded,No tow/articulation,Did not leave carriageway,0,Going ahead other,1,Motorcycle 125cc and under,Data missing or out of range,Front,2004
200401CP00215,21 - 25,2,Rural,5,1850,None,None,Data missing or out of range,Data missing or out of range,HONDA,ACCORD VTEC SPORT,Petrol,Male,None,No tow/articulation,Did not leave carriageway,0,Overtaking static vehicle - offside,1,109,Data missing or out of range,Front,2004
200401CP00217,Data missing or out of range,5,Data missing or out of range,NA,NA,None,None,Data missing or out of range,Data missing or out of range,DENNIS,,Heavy oil,Male,None,No tow/articulation,Did not leave carriageway,0,Going ahead other,1,Bus or coach (17 or more pass seats),Data missing or out of range,Nearside,2004
200401CP00221,46 - 55,4,Urban area,2,12130,Kerb,Road sign or traffic signal,Data missing or out of range,Data missing or out of range,VOLVO,,Heavy oil,Male,None,No tow/articulation,Nearside,0,Going ahead other,1,Goods 7.5 tonnes mgw and over,Data missing or out of range,Front,2004
200401CP00225,21 - 25,6,Urban area,NA,125,None,None,Data missing or out of range,Data missing or out of range,APRILIA,,Petrol,Male,None,No tow/articulation,Did not leave carriageway,0,Going ahead left-hand bend,1,Motorcycle 125cc and under,Data missing or out of range,Front,2004
200401CP00227,36 - 45,1,Urban area,6,1203,None,None,Data missing or out of range,Data missing or out of range,BUELL,XB 12R FIREBOLT,Petrol,Male,None,No tow/articulation,Did not leave carriageway,0,Turning left,1,106,Data missing or out of range,Did not impact,2004
200401CP00230,Data missing or out of range,2,Data missing or out of range,NA,2254,None,None,Data missing or out of range,Data missing or out of range,HONDA,ACCORD TYPE-V AUTO,Petrol,Not known,None,No tow/articulation,Did not leave carriageway,0,Turning left,2,109,Data missing or out of range,Nearside,2004
200401CP00231,56 - 65,6,Data missing or out of range,NA,5861,None,None,Data missing or out of range,Data missing or out of range,IVECO-FORD,,Heavy oil,Male,None,No tow/articulation,Did not leave carriageway,0,Going ahead left-hand bend,1,Goods 7.5 tonnes mgw and over,Data missing or out of range,Nearside,2004
200401CP00235,36 - 45,16,Urban area,5,647,None,None,Data missing or out of range,Data missing or out of range,HONDA,,Petrol,Male,None,No tow/articulation,Did not leave carriageway,0,Going ahead other,1,106,Data missing or out of range,Front,2004
200401CP00236,46 - 55,NA,Urban area,NA,1896,None,None,Data missing or out of range,Data missing or out of range,SEAT,ALHAMBRA TDI S,Heavy oil,Male,None,No tow/articulation,Did not leave carriageway,0,Parked,1,109,Data missing or out of range,Offside,2004
200401CP00236,Data missing or out of range,6,Data missing or out of range,NA,2664,Parked vehicle,None,Data missing or out of range,Data missing or out of range,LONDON TAXIS INT,TX1 BRONZE AUTO,Heavy oil,Not known,None,No tow/articulation,Did not leave carriageway,0,Waiting to go - held up,2,108,Data missing or out of range,Nearside,2004
200401CP00237,Data missing or out of range,NA,Data missing or out of range,NA,1686,None,None,Data missing or out of range,Data missing or out of range,VAUXHALL,ASTRAVAN LS CDTI,Heavy oil,Male,None,No tow/articulation,Did not leave carriageway,0,Turning left,2,Van / Goods 3.5 tonnes mgw or under,Data missing or out of range,Data missing or out of range,2004
200401CP00239,36 - 45,NA,Urban area,NA,NA,None,None,Data missing or out of range,Data missing or out of range,DENNIS,,NA,Male,None,No tow/articulation,Did not leave carriageway,0,Turning left,1,Goods 7.5 tonnes mgw and over,Data missing or out of range,Nearside,2004
200401CP00240,26 - 35,NA,Urban area,4,6370,None,None,Data missing or out of range,Data missing or out of range,MERCEDES,,Heavy oil,Male,None,No tow/articulation,Did not leave carriageway,0,Going ahead other,1,Bus or coach (17 or more pass seats),Data missing or out of range,Offside,2004
200401CP00241,Data missing or out of range,6,Data missing or out of range,NA,2664,None,None,Data missing or out of range,Data missing or out of range,LONDON TAXIS INT,TX1 SILVER AUTO,Heavy oil,Male,None,No tow/articulation,Did not leave carriageway,0,U-turn,1,108,Data missing or out of range,Offside,2004
200401CP00243,26 - 35,6,Urban area,2,2664,None,None,Data missing or out of range,Data missing or out of range,LONDON TAXIS INT,TX1 SILVER AUTO,Heavy oil,Male,None,No tow/articulation,Did not leave carriageway,0,Going ahead other,1,108,Data missing or out of range,Front,2004
200401CP00245,26 - 35,1,Urban area,6,7300,Kerb,None,Data missing or out of range,Data missing or out of range,VOLVO,,Heavy oil,Male,Skidded,No tow/articulation,Did not leave carriageway,3,Going ahead other,1,Bus or coach (17 or more pass seats),Data missing or out of range,Front,2004
200401CP00246,Data missing or out of range,1,Data missing or out of range,NA,1796,None,None,Data missing or out of range,Data missing or out of range,BMW,316TI SE COMPACT,Petrol,Male,None,No tow/articulation,Did not leave carriageway,0,Going ahead other,1,109,Data missing or out of range,Nearside,2004
200401CP00246,Data missing or out of range,3,Urban area,9,2664,None,None,Data missing or out of range,Data missing or out of range,LONDON TAXIS INT,TX1 BRONZE AUTO,Heavy oil,Male,None,No tow/articulation,Did not leave carriageway,0,Going ahead other,3,108,Data missing or out of range,Front,2004
200401CP00247,36 - 45,NA,Urban area,2,NA,None,None,Data missing or out of range,Data missing or out of range,MAN,,NA,Male,None,No tow/articulation,Did not leave carriageway,0,Going ahead other,1,Other vehicle,Data missing or out of range,Front,2004
200401CP00249,36 - 45,2,Urban area,4,9500,None,None,Data missing or out of range,Data missing or out of range,DEMM,,Heavy oil,Female,None,No tow/articulation,Did not leave carriageway,0,Going ahead left-hand bend,1,Bus or coach (17 or more pass seats),Data missing or out of range,Nearside,2004
200401CP00250,26 - 35,2,Urban area,3,647,None,None,Data missing or out of range,Data missing or out of range,HONDA,NT650V-2,Petrol,Male,None,No tow/articulation,Did not leave carriageway,0,Going ahead other,1,106,Data missing or out of range,Nearside,2004
200401CP00251,36 - 45,4,Urban area,2,600,None,None,Data missing or out of range,Data missing or out of range,SUZUKI,GSF 600 Y,Petrol,Male,Skidded,No tow/articulation,Did not leave carriageway,0,Going ahead other,1,106,Data missing or out of range,Front,2004
200401CP00254,26 - 35,4,Urban area,3,1796,Bollard or refuge,None,Data missing or out of range,Data missing or out of range,FORD,FOCUS ZETEC COLLECTION,Petrol,Male,None,No tow/articulation,Did not leave carriageway,0,Going ahead other,1,109,Data missing or out of range,Front,2004
200401CP00258,21 - 25,NA,Urban area,2,NA,None,None,Data missing or out of range,Data missing or out of range,BMW,X3 SE AUTO,NA,Male,Skidded,No tow/articulation,Did not leave carriageway,0,Going ahead other,1,Motorcycle 125cc and under,Data missing or out of range,Front,2004
200401CP00258,Data missing or out of range,NA,Data missing or out of range,NA,2148,None,None,Data missing or out of range,Data missing or out of range,MERCEDES,E220 CDI ELEGANCE AUTO,Heavy oil,Male,None,No tow/articulation,Did not leave carriageway,0,U-turn,2,109,Data missing or out of range,Offside,2004
200401CP00260,21 - 25,NA,Urban area,5,NA,None,None,Data missing or out of range,Data missing or out of range,PIAGGIO,ET2,NA,Male,None,No tow/articulation,Did not leave carriageway,0,Going ahead right-hand bend,1,Motorcycle 50cc and under,Data missing or out of range,Offside,2004
200401CP00260,26 - 35,1,Urban area,7,2402,None,None,Data missing or out of range,Data missing or out of range,LONDON TAXIS INT,TXII GOLD AUTO,Heavy oil,Male,None,No tow/articulation,Did not leave carriageway,0,Going ahead right-hand bend,2,108,Data missing or out of range,Nearside,2004
200401CP00263,Data missing or out of range,NA,Data missing or out of range,NA,NA,None,None,Data missing or out of range,Data missing or out of range,CITROEN,BERLINGO 800TD HDI LX,NA,Male,None,No tow/articulation,Did not leave carriageway,0,Going ahead other,1,109,Data missing or out of range,Offside,2004
200401CP00265,56 - 65,4,Small town,6,2664,None,None,Data missing or out of range,Data missing or out of range,LONDON TAXIS INT,TX1 BRONZE AUTO,Heavy oil,Male,None,No tow/articulation,Did not leave carriageway,0,Going ahead other,1,108,Data missing or out of range,Front,2004
200401CP00266,66 - 75,3,Data missing or out of range,NA,1396,None,None,Data missing or out of range,Data missing or out of range,HONDA,CIVIC MAX,Petrol,Male,None,No tow/articulation,Did not leave carriageway,0,Going ahead other,2,109,Data missing or out of range,Front,2004
200401CP00269,26 - 35,1,Data missing or out of range,NA,2926,None,None,Data missing or out of range,Data missing or out of range,BMW,X5 D SPORT AUTO,Heavy oil,Male,None,No tow/articulation,Did not leave carriageway,0,Turning left,2,109,Data missing or out of range,Front,2004
200401CP00272,21 - 25,2,Urban area,3,8268,None,None,Data missing or out of range,Data missing or out of range,DENNIS,,Heavy oil,Male,None,No tow/articulation,Did not leave carriageway,0,Going ahead other,1,Bus or coach (17 or more pass seats),Data missing or out of range,Front,2004
200401CP00276,26 - 35,NA,Urban area,5,NA,None,None,Data missing or out of range,Data missing or out of range,HONDA,SH50,NA,Male,None,No tow/articulation,Did not leave carriageway,0,Going ahead other,1,Motorcycle 50cc and under,Data missing or out of range,Front,2004
200401CP00278,66 - 75,3,Urban area,7,2664,None,None,Data missing or out of range,Data missing or out of range,LONDON TAXIS INT,TX1 BRONZE AUTO,Heavy oil,Male,None,No tow/articulation,Did not leave carriageway,0,Going ahead other,1,108,Data missing or out of range,Offside,2004
200401CP00280,36 - 45,5,Data missing or out of range,NA,2664,None,None,Data missing or out of range,Data missing or out of range,LONDON TAXIS INT,TX1 BRONZE AUTO,Heavy oil,Male,None,No tow/articulation,Did not leave carriageway,0,Going ahead other,1,108,Data missing or out of range,Offside,2004
200401CP00281,36 - 45,NA,Urban area,9,NA,None,None,Data missing or out of range,Data missing or out of range,LONDON TAXIS INT,TXII SILVER AUTO,NA,Male,None,No tow/articulation,Did not leave carriageway,0,Slowing or stopping,2,109,Data missing or out of range,Back,2004
200401CP00282,26 - 35,2,Urban area,3,1398,None,None,Data missing or out of range,Data missing or out of range,TOYOTA,COROLLA T2 VVTI,Petrol,Male,None,No tow/articulation,Did not leave carriageway,0,Going ahead other,1,109,Data missing or out of range,Nearside,2004
200401CP00283,21 - 25,6,Urban area,4,NA,None,None,Data missing or out of range,Data missing or out of range,DENNIS,,Heavy oil,Female,None,No tow/articulation,Did not leave carriageway,2,Slowing or stopping,1,Bus or coach (17 or more pass seats),Data missing or out of range,Nearside,2004
200401CP00284,56 - 65,1,Urban area,5,1997,None,None,Data missing or out of range,Data missing or out of range,CITROEN,RELAY 1000 TD HDI SWB,Heavy oil,Male,None,No tow/articulation,Did not leave carriageway,0,Going ahead other,1,Van / Goods 3.5 tonnes mgw or under,Data missing or out of range,Nearside,2004
200401CP00285,36 - 45,7,Urban area,1,1731,None,None,Data missing or out of range,Data missing or out of range,VOLVO,S40 1.8I AUTO,Petrol,Male,None,No tow/articulation,Did not leave carriageway,0,Waiting to go - held up,1,109,Data missing or out of range,Offside,2004
200401CP00286,26 - 35,3,Urban area,2,1769,None,None,Data missing or out of range,Data missing or out of range,NISSAN,ALMERA SE AUTO,Petrol,Female,None,No tow/articulation,Did not leave carriageway,0,Going ahead other,1,109,Data missing or out of range,Front,2004
200401CP00287,Data missing or out of range,NA,Data missing or out of range,NA,1753,None,None,Data missing or out of range,Data missing or out of range,FORD,TRAN CONNECT L 220 TD SWB,Heavy oil,Male,None,No tow/articulation,Did not leave carriageway,0,Turning left,2,Van / Goods 3.5 tonnes mgw or under,Data missing or out of range,Front,2004
200401CP00289,36 - 45,6,Data missing or out of range,NA,2800,None,None,Data missing or out of range,Data missing or out of range,IVECO,,Heavy oil,Male,None,No tow/articulation,Did not leave carriageway,0,Turning left,1,Van / Goods 3.5 tonnes mgw or under,Data missing or out of range,Back,2004
200401CP00290,Data missing or out of range,3,Data missing or out of range,NA,1994,None,None,Data missing or out of range,Data missing or out of range,ROVER,45 CONNOISSEUR TD,Heavy oil,Male,None,No tow/articulation,Did not leave carriageway,0,Overtaking static vehicle - offside,1,109,Data missing or out of range,Offside,2004
200401CP00293,26 - 35,5,Urban area,2,2324,None,None,Data missing or out of range,Data missing or out of range,VOLKSWAGEN,BORA V5,Petrol,Male,None,No tow/articulation,Did not leave carriageway,0,U-turn,1,109,Data missing or out of range,Did not impact,2004
200401CP00294,46 - 55,8,Urban area,6,1896,None,None,Data missing or out of range,Data missing or out of range,BMW,318 TI AUTO,Petrol,Female,None,No tow/articulation,Did not leave carriageway,0,Turning right,1,109,Data missing or out of range,Nearside,2004
200401CP00295,36 - 45,10,Urban area,8,1052,None,None,Data missing or out of range,Data missing or out of range,KAWASAKI,,Petrol,Male,None,No tow/articulation,Did not leave carriageway,0,Going ahead other,1,106,Data missing or out of range,Nearside,2004
200401CP00296,46 - 55,NA,Urban area,1,1896,None,None,Data missing or out of range,Data missing or out of range,VOLKSWAGEN,PASSAT S TDI AUTO,Heavy oil,Male,None,No tow/articulation,Did not leave carriageway,0,Going ahead other,1,109,Data missing or out of range,Nearside,2004
200401CP00299,Data missing or out of range,2,Urban area,NA,599,None,None,Data missing or out of range,Data missing or out of range,HONDA,CB600 HORNET,Petrol,Male,None,No tow/articulation,Did not leave carriageway,4,Changing lane to right,1,106,Data missing or out of range,Front,2004
200401CP00301,Data missing or out of range,2,Urban area,NA,3200,None,None,Data missing or out of range,Data missing or out of range,MITSUBISHI,SHOGUN EQUIPPE DI-D A LWB,Heavy oil,Male,None,No tow/articulation,Did not leave carriageway,0,Waiting to go - held up,2,109,Data missing or out of range,Nearside,2004
200401CP00302,46 - 55,7,Urban area,9,2664,None,None,Data missing or out of range,Data missing or out of range,LONDON TAXIS INT,TX1 BRONZE AUTO,Heavy oil,Male,Skidded,No tow/articulation,Did not leave carriageway,0,Going ahead other,1,108,Data missing or out of range,Front,2004
200401CP00304,46 - 55,1,Urban area,3,7300,None,None,Data missing or out of range,Data missing or out of range,VOLVO,,Heavy oil,Male,None,No tow/articulation,Did not leave carriageway,0,Going ahead other,1,Bus or coach (17 or more pass seats),Data missing or out of range,Did not impact,2004
200401CP00305,46 - 55,2,Urban area,7,2402,None,None,Data missing or out of range,Data missing or out of range,LONDON TAXIS INT,TXII SILVER AUTO,Heavy oil,Male,None,No tow/articulation,Did not leave carriageway,0,Going ahead other,2,108,Data missing or out of range,Front,2004
200401CP00306,56 - 65,1,Urban area,3,124,None,None,Data missing or out of range,Data missing or out of range,PIAGGIO,ZIP 125,Petrol,Male,None,No tow/articulation,Did not leave carriageway,0,Going ahead other,1,Motorcycle 125cc and under,Data missing or out of range,Did not impact,2004
200401CP00307,26 - 35,3,Urban area,1,2151,None,None,Data missing or out of range,Data missing or out of range,MERCEDES,E220 CDI ELEGANCE AUTO,Heavy oil,Male,None,No tow/articulation,Did not leave carriageway,0,Waiting to go - held up,2,109,Data missing or out of range,Back,2004
200401CP00308,26 - 35,NA,Urban area,4,NA,None,None,Data missing or out of range,Data missing or out of range,PIAGGIO,ET2,NA,Female,None,No tow/articulation,Did not leave carriageway,0,Going ahead other,1,Motorcycle 50cc and under,Data missing or out of range,Front,2004
200401CP00309,26 - 35,7,Urban area,1,1799,None,None,Data missing or out of range,Data missing or out of range,VAUXHALL,VECTRA LS 16V AUTO,Petrol,Male,None,No tow/articulation,Did not leave carriageway,0,Going ahead other,2,109,Data missing or out of range,Offside,2004
200401CP00311,36 - 45,2,Urban area,4,7300,None,None,Data missing or out of range,Data missing or out of range,VOLVO,,Heavy oil,Male,None,No tow/articulation,Did not leave carriageway,0,Turning right,1,Bus or coach (17 or more pass seats),Data missing or out of range,Offside,2004
200401CP00313,26 - 35,6,Urban area,10,608,None,None,Data missing or out of range,Data missing or out of range,KTM,,Petrol,Male,None,No tow/articulation,Did not leave carriageway,0,Going ahead other,1,106,Data missing or out of range,Front,2004
200401CP00314,Data missing or out of range,1,Urban area,4,7300,None,None,Data missing or out of range,Data missing or out of range,VOLVO,,Heavy oil,Male,None,No tow/articulation,Did not leave carriageway,0,Overtaking moving vehicle - offside,2,Bus or coach (17 or more pass seats),Data missing or out of range,Nearside,2004
200401CP00316,36 - 45,NA,Urban area,7,NA,None,None,Data missing or out of range,Data missing or out of range,HONDA,SCV100F-E,NA,Male,None,No tow/articulation,Did not leave carriageway,0,Going ahead other,1,Motorcycle 125cc and under,Data missing or out of range,Front,2004
200401CP00316,26 - 35,2,Urban area,3,1997,None,None,Data missing or out of range,Data missing or out of range,CITROEN,BERLINGO MULTISPACE FORTE H,Heavy oil,Male,None,No tow/articulation,Did not leave carriageway,0,Parked,2,109,Data missing or out of range,Back,2004
200401CP00318,26 - 35,7,Urban area,2,1753,None,None,Data missing or out of range,Data missing or out of range,FORD,MONDEO GHIA TD,Heavy oil,Female,None,No tow/articulation,Did not leave carriageway,0,Turning right,2,109,Data missing or out of range,Nearside,2004
200401CP00319,26 - 35,11,Urban area,2,9600,None,None,Data missing or out of range,Data missing or out of range,VOLVO,,Heavy oil,Male,None,No tow/articulation,Did not leave carriageway,2,Moving off,1,Bus or coach (17 or more pass seats),Data missing or out of range,Did not impact,2004
200401CW10004,36 - 45,2,Urban area,2,2461,None,None,Data missing or out of range,Data missing or out of range,VOLKSWAGEN,LT 35 TDI LWB,Heavy oil,Male,None,No tow/articulation,Did not leave carriageway,0,Moving off,2,Van / Goods 3.5 tonnes mgw or under,Data missing or out of range,Nearside,2004
200401CW10006,56 - 65,6,Urban area,2,2664,None,None,Data missing or out of range,Data missing or out of range,LONDON TAXIS INT,TX1 BRONZE AUTO,Heavy oil,Male,None,No tow/articulation,Did not leave carriageway,0,Changing lane to right,2,108,Data missing or out of range,Offside,2004
200401CW10007,26 - 35,NA,Urban area,NA,11980,None,None,Data missing or out of range,Data missing or out of range,NEOPLAN,,Heavy oil,Male,None,No tow/articulation,Did not leave carriageway,0,Slowing or stopping,1,Bus or coach (17 or more pass seats),Data missing or out of range,Nearside,2004
200401CW10010,36 - 45,4,Urban area,9,9600,None,None,Data missing or out of range,Data missing or out of range,VOLVO,,Heavy oil,Male,None,No tow/articulation,Did not leave carriageway,0,Going ahead other,1,Bus or coach (17 or more pass seats),Data missing or out of range,Front,2004
200401CW10011,46 - 55,2,Small town,10,652,None,None,Data missing or out of range,Data missing or out of range,BMW,F650 CS,Petrol,Female,None,No tow/articulation,Did not leave carriageway,0,Turning left,1,106,Data missing or out of range,Offside,2004
200401CW10016,26 - 35,1,Urban area,3,7300,None,None,Data missing or out of range,Data missing or out of range,VOLVO,,Heavy oil,Male,None,No tow/articulation,Did not leave carriageway,0,Slowing or stopping,1,Bus or coach (17 or more pass seats),Data missing or out of range,Did not impact,2004
200401CW10018,26 - 35,10,Urban area,2,1390,None,None,Data missing or out of range,Data missing or out of range,RENAULT,5 CAMPUS PRIMA,Petrol,Male,None,No tow/articulation,Did not leave carriageway,0,Changing lane to right,1,109,Data missing or out of range,Back,2004
200401CW10018,36 - 45,6,Urban area,8,599,None,None,Data missing or out of range,Data missing or out of range,HONDA,CB600 HORNET,Petrol,Male,None,No tow/articulation,Did not leave carriageway,0,Going ahead other,2,106,Data missing or out of range,Nearside,2004
200401CW10019,36 - 45,5,Urban area,3,1289,None,None,Data missing or out of range,Data missing or out of range,SKODA,FELICIA MAGIC,Petrol,Male,None,No tow/articulation,Did not leave carriageway,0,Going ahead other,2,109,Data missing or out of range,Front,2004
200401CW10020,56 - 65,3,Data missing or out of range,NA,7300,None,None,Data missing or out of range,Data missing or out of range,VOLVO,,Heavy oil,Male,None,No tow/articulation,Did not leave carriageway,0,Slowing or stopping,1,Bus or coach (17 or more pass seats),Data missing or out of range,Did not impact,2004
200401CW10027,36 - 45,5,Urban area,6,1781,None,None,Data missing or out of range,Data missing or out of range,AUDI,A3 SPORT,Petrol,Female,None,No tow/articulation,Did not leave carriageway,0,Turning right,1,109,Data missing or out of range,Front,2004
200401CW10027,21 - 25,2,Data missing or out of range,NA,1242,None,None,Data missing or out of range,Data missing or out of range,FIAT,PUNTO ACTIVE,Petrol,Male,None,No tow/articulation,Did not leave carriageway,0,Going ahead other,2,109,Data missing or out of range,Front,2004
200401CW10031,26 - 35,1,Urban area,4,1781,None,None,Data missing or out of range,Data missing or out of range,AUDI,A3 1.8T SPORT,Petrol,Female,None,No tow/articulation,Did not leave carriageway,0,Going ahead other,1,109,Data missing or out of range,Front,2004
200401CW10033,46 - 55,1,Urban area,4,7300,None,None,Data missing or out of range,Data missing or out of range,VOLVO,,Heavy oil,Male,None,No tow/articulation,Did not leave carriageway,0,Going ahead other,2,Bus or coach (17 or more pass seats),Data missing or out of range,Front,2004
200401CW10036,36 - 45,NA,Urban area,6,NA,None,None,Data missing or out of range,Data missing or out of range,VOLKSWAGEN,800 SPECIAL TD SWB,NA,Male,None,No tow/articulation,Did not leave carriageway,0,Going ahead other,1,109,Data missing or out of range,Nearside,2004
200401CW10039,36 - 45,NA,Urban area,2,1988,None,None,Data missing or out of range,Data missing or out of range,JAGUAR,X-TYPE SE D,Heavy oil,Male,None,No tow/articulation,Did not leave carriageway,0,Turning right,2,109,Data missing or out of range,Offside,2004
200401CW10044,21 - 25,6,Data missing or out of range,NA,487,None,None,Data missing or out of range,Data missing or out of range,SUZUKI,GS 500 EW,Petrol,Male,None,No tow/articulation,Did not leave carriageway,0,Going ahead other,1,106,Data missing or out of range,Front,2004
200401CW10045,26 - 35,NA,Data missing or out of range,NA,NA,None,None,Data missing or out of range,Data missing or out of range,YAMAHA,,NA,Male,None,No tow/articulation,Did not leave carriageway,0,Turning right,1,Other vehicle,Data missing or out of range,Offside,2004
200401CW10045,36 - 45,NA,Urban area,10,899,None,None,Data missing or out of range,Data missing or out of range,KAWASAKI,ZX 900 F2P,Petrol,Male,None,No tow/articulation,Did not leave carriageway,0,Overtaking moving vehicle - offside,2,106,Data missing or out of range,Offside,2004
200401CW10047,21 - 25,8,Urban area,3,1799,None,None,Data missing or out of range,Data missing or out of range,MERCEDES,C180 ELEGANCE AUTO,Petrol,Male,None,No tow/articulation,Did not leave carriageway,0,Turning right,1,109,Data missing or out of range,Offside,2004
200401CW10047,36 - 45,13,Urban area,2,1396,None,None,Data missing or out of range,Data missing or out of range,HONDA,CIVIC GL AUTO,Petrol,Male,Skidded,No tow/articulation,Did not leave carriageway,0,Going ahead other,2,109,Data missing or out of range,Front,2004
200401CW10052,36 - 45,5,Urban area,3,3199,None,None,Data missing or out of range,Data missing or out of range,MERCEDES,E320,Petrol,Male,None,No tow/articulation,Did not leave carriageway,0,Waiting to go - held up,1,109,Data missing or out of range,Back,2004
200401CW10052,Data missing or out of range,5,Data missing or out of range,NA,3199,None,None,Data missing or out of range,Data missing or out of range,MERCEDES,E320,Petrol,Male,None,No tow/articulation,Did not leave carriageway,0,Waiting to go - held up,2,109,Data missing or out of range,Back,2004
200401CW10053,26 - 35,NA,Urban area,3,NA,None,None,Data missing or out of range,Data missing or out of range,BEDFORD,,NA,Male,None,No tow/articulation,Did not leave carriageway,0,Moving off,1,Other vehicle,Data missing or out of range,Front,2004
200401CW10054,26 - 35,NA,Urban area,9,650,None,None,Data missing or out of range,Data missing or out of range,HONDA,,Petrol,Male,None,No tow/articulation,Did not leave carriageway,0,Parked,1,106,Data missing or out of range,Back,2004
200401CW10059,26 - 35,4,Urban area,5,1998,None,None,Data missing or out of range,Data missing or out of range,VAUXHALL,VECTRA SRI 140,Petrol,Male,None,No tow/articulation,Did not leave carriageway,0,Going ahead other,1,109,Data missing or out of range,Front,2004
200401CW10062,26 - 35,NA,Urban area,1,1998,None,None,Data missing or out of range,Data missing or out of range,MAZDA,6 TS DIESEL,Heavy oil,Male,None,No tow/articulation,Did not leave carriageway,0,Turning right,1,109,Data missing or out of range,Offside,2004
200401CW10064,16 - 20,2,Urban area,4,1149,None,None,Data missing or out of range,Data missing or out of range,RENAULT,CLIO DYNAMIQUE 16V,Petrol,Male,None,No tow/articulation,Did not leave carriageway,0,Going ahead other,1,109,Data missing or out of range,Front,2004
200401CW10064,21 - 25,3,Urban area,3,2494,None,None,Data missing or out of range,Data missing or out of range,BMW,325 CI SPORT,Petrol,Male,None,No tow/articulation,Did not leave carriageway,0,Turning left,2,109,Data missing or out of range,Front,2004
200401CW10065,36 - 45,4,Data missing or out of range,NA,885,None,None,Data missing or out of range,Data missing or out of range,TRIUMPH,,Petrol,Male,None,No tow/articulation,Did not leave carriageway,0,Going ahead other,1,106,Data missing or out of range,Front,2004
200401CW10068,46 - 55,4,Urban area,3,1973,None,None,Data missing or out of range,Data missing or out of range,HONDA,CR-V ES AUTO,Petrol,Female,None,No tow/articulation,Did not leave carriageway,0,Slowing or stopping,1,109,Data missing or out of range,Back,2004
200401CW10069,46 - 55,3,Urban area,9,1997,None,None,Data missing or out of range,Data missing or out of range,PEUGEOT,406 LX HDI (90),Heavy oil,Male,None,No tow/articulation,Did not leave carriageway,0,Overtaking static vehicle - offside,1,109,Data missing or out of range,Front,2004
200401CW10070,36 - 45,3,Urban area,1,5883,None,None,Data missing or out of range,Data missing or out of range,DENNIS,,Heavy oil,Male,None,No tow/articulation,Did not leave carriageway,0,Moving off,1,Bus or coach (17 or more pass seats),Data missing or out of range,Did not impact,2004
200401CW10071,36 - 45,2,Urban area,9,652,None,None,Data missing or out of range,Data missing or out of range,BMW,F650 CS,Petrol,Female,None,No tow/articulation,Did not leave carriageway,0,Going ahead other,1,106,Data missing or out of range,Nearside,2004
200401CW10073,26 - 35,NA,Urban area,5,7300,None,None,Data missing or out of range,Data missing or out of range,VOLVO,,Heavy oil,Male,None,No tow/articulation,Did not leave carriageway,0,Going ahead other,1,Bus or coach (17 or more pass seats),Data missing or out of range,Front,2004
200401CW10075,21 - 25,4,Urban area,6,1590,None,None,Data missing or out of range,Data missing or out of range,HONDA,HR-V AUTO,Petrol,Female,None,No tow/articulation,Did not leave carriageway,0,Turning right,1,109,Data missing or out of range,Nearside,2004
200401CW10077,46 - 55,20,Urban area,5,450,None,None,Data missing or out of range,Data missing or out of range,HONDA,,Petrol,Male,None,No tow/articulation,Did not leave carriageway,0,Going ahead other,1,106,Data missing or out of range,Nearside,2004
200401CW10079,36 - 45,3,Urban area,2,8268,None,None,Data missing or out of range,Data missing or out of range,DENNIS,,Heavy oil,Male,None,No tow/articulation,Did not leave carriageway,0,Moving off,1,Bus or coach (17 or more pass seats),Data missing or out of range,Did not impact,2004
200401CW10080,36 - 45,5,Data missing or out of range,NA,885,None,None,Data missing or out of range,Data missing or out of range,TRIUMPH,T309 TROPHY,Petrol,Male,None,No tow/articulation,Did not leave carriageway,0,Going ahead other,2,106,Data missing or out of range,Front,2004
200401CW10083,46 - 55,NA,Urban area,8,2402,None,Other permanent object,Data missing or out of range,Data missing or out of range,LONDON TAXIS INT,TXII SILVER AUTO,Heavy oil,Male,None,No tow/articulation,Nearside,0,Going ahead other,1,108,Data missing or out of range,Offside,2004
200401CW10085,46 - 55,NA,Urban area,2,6370,None,None,Data missing or out of range,Data missing or out of range,MERCEDES,,Heavy oil,Male,None,No tow/articulation,Did not leave carriageway,0,Turning left,1,Bus or coach (17 or more pass seats),Data missing or out of range,Front,2004
200401CW10085,56 - 65,9,Data missing or out of range,NA,11600,None,None,Data missing or out of range,Data missing or out of range,DAF,,Heavy oil,Male,None,No tow/articulation,Did not leave carriageway,0,Turning left,2,Bus or coach (17 or more pass seats),Data missing or out of range,Nearside,2004
200401CW10088,46 - 55,1,Urban area,5,385,None,None,Data missing or out of range,Data missing or out of range,SUZUKI,AN 400 K3,Petrol,Male,None,No tow/articulation,Did not leave carriageway,2,Going ahead other,1,106,Data missing or out of range,Front,2004
200401CW10089,46 - 55,1,Urban area,4,2402,None,None,Data missing or out of range,Data missing or out of range,LONDON TAXIS INT,TXII SILVER AUTO,Heavy oil,Male,None,No tow/articulation,Did not leave carriageway,0,Overtaking - nearside,1,108,Data missing or out of range,Front,2004
200401CW10092,56 - 65,NA,Data missing or out of range,NA,1794,None,None,Data missing or out of range,Data missing or out of range,TOYOTA,AVENSIS T3-S SEMI-AUTO,Petrol,Male,None,No tow/articulation,Did not leave carriageway,0,U-turn,1,109,Data missing or out of range,Offside,2004
200401CW10092,26 - 35,5,Urban area,5,124,None,None,Data missing or out of range,Data missing or out of range,PIAGGIO,VESPA ET4,Petrol,Male,None,No tow/articulation,Did not leave carriageway,0,Going ahead other,2,Motorcycle 125cc and under,Data missing or out of range,Front,2004
200401CW10094,46 - 55,2,Rural,5,2402,None,None,Data missing or out of range,Data missing or out of range,LONDON TAXIS INT,TXII SILVER AUTO,Heavy oil,Male,None,No tow/articulation,Did not leave carriageway,0,Going ahead other,1,108,Data missing or out of range,Offside,2004
200401CW10094,66 - 75,4,Urban area,6,2498,None,None,Data missing or out of range,Data missing or out of range,VAUXHALL,OMEGA ELITE V6 AUTO,Petrol,Male,None,No tow/articulation,Did not leave carriageway,0,Going ahead other,2,109,Data missing or out of range,Offside,2004
200401CW10094,26 - 35,NA,Data missing or out of range,NA,NA,None,None,Data missing or out of range,Data missing or out of range,FORD,TRAN CONNECT L 200 TD SWB,NA,Male,None,No tow/articulation,Did not leave carriageway,0,Going ahead other,3,109,Data missing or out of range,Front,2004
200401CW10099,26 - 35,2,Urban area,2,1299,None,None,Data missing or out of range,Data missing or out of range,FORD,KA STYLE,Petrol,Male,None,No tow/articulation,Did not leave carriageway,0,Going ahead other,1,109,Data missing or out of range,Offside,2004
200401CW10107,46 - 55,NA,Urban area,3,6370,None,None,Data missing or out of range,Data missing or out of range,MERCEDES,,Heavy oil,Male,None,No tow/articulation,Did not leave carriageway,0,Parked,1,Bus or coach (17 or more pass seats),Data missing or out of range,Nearside,2004
200401CW10113,21 - 25,1,Urban area,2,7300,None,None,Data missing or out of range,Data missing or out of range,VOLVO,,Heavy oil,Male,None,No tow/articulation,Did not leave carriageway,0,Slowing or stopping,1,Bus or coach (17 or more pass seats),Data missing or out of range,Did not impact,2004
200401CW10114,Data missing or out of range,8,Data missing or out of range,NA,9600,None,None,Data missing or out of range,Data missing or out of range,VOLVO,,Heavy oil,Male,None,No tow/articulation,Did not leave carriageway,0,Going ahead other,2,Bus or coach (17 or more pass seats),Data missing or out of range,Nearside,2004
200401CW10116,36 - 45,NA,Urban area,5,NA,None,None,Data missing or out of range,Data missing or out of range,DENNIS,,NA,Male,None,No tow/articulation,Did not leave carriageway,0,Slowing or stopping,1,109,Data missing or out of range,Nearside,2004
200401CW10118,36 - 45,NA,Urban area,2,2401,None,None,Data missing or out of range,Data missing or out of range,VOLVO,S60 D5 SE AUTO,Heavy oil,Male,None,No tow/articulation,Did not leave carriageway,0,Going ahead other,3,109,Data missing or out of range,Front,2004
200401CW10119,46 - 55,NA,Data missing or out of range,NA,NA,None,None,Data missing or out of range,Data missing or out of range,PIAGGIO,ET2,NA,Male,None,No tow/articulation,Did not leave carriageway,0,Going ahead other,1,Motorcycle 50cc and under,Data missing or out of range,Front,2004
200401CW10122,26 - 35,2,Rural,6,2664,None,None,Data missing or out of range,Data missing or out of range,LONDON TAXIS INT,TX1 BRONZE AUTO,Heavy oil,Male,None,No tow/articulation,Did not leave carriageway,0,Turning right,1,108,Data missing or out of range,Nearside,2004
200401CW10122,46 - 55,2,Urban area,5,124,None,None,Data missing or out of range,Data missing or out of range,PIAGGIO,VESPA ET4,Petrol,Male,None,No tow/articulation,Did not leave carriageway,0,Going ahead other,2,Motorcycle 125cc and under,Data missing or out of range,Nearside,2004
200401CW10123,26 - 35,10,Data missing or out of range,NA,1984,None,None,Data missing or out of range,Data missing or out of range,VOLVO,,Petrol,Male,None,No tow/articulation,Did not leave carriageway,0,Going ahead other,2,109,Data missing or out of range,Nearside,2004
200401CW10124,26 - 35,4,Urban area,10,599,None,None,Data missing or out of range,Data missing or out of range,KAWASAKI,ZX600-E7,Petrol,Male,None,No tow/articulation,Did not leave carriageway,0,Slowing or stopping,1,106,Data missing or out of range,Back,2004
200401CW10125,36 - 45,1,Urban area,4,124,None,None,Data missing or out of range,Data missing or out of range,SUZUKI,,Petrol,Male,Skidded,No tow/articulation,Did not leave carriageway,0,Going ahead other,2,Motorcycle 125cc and under,Data missing or out of range,Front,2004
200401CW10129,26 - 35,14,Urban area,4,98,None,None,Data missing or out of range,Data missing or out of range,YAMAHA,,Petrol,Male,None,No tow/articulation,Did not leave carriageway,0,Going ahead right-hand bend,1,Motorcycle 125cc and under,Data missing or out of range,Offside,2004
200401CW10130,36 - 45,3,Urban area,5,2664,None,None,Data missing or out of range,Data missing or out of range,LONDON TAXIS INT,TX1 SILVER AUTO,Heavy oil,Male,None,No tow/articulation,Did not leave carriageway,0,Going ahead other,1,108,Data missing or out of range,Back,2004
200401CW10130,Data missing or out of range,1,Urban area,6,2402,None,None,Data missing or out of range,Data missing or out of range,LONDON TAXIS INT,TXII SILVER AUTO,Heavy oil,Male,None,No tow/articulation,Did not leave carriageway,0,Going ahead other,2,108,Data missing or out of range,Front,2004
200401CW10131,Over 75,NA,Urban area,7,1599,None,None,Data missing or out of range,Data missing or out of range,HYUNDAI,ACCENT CDX AUTO,Petrol,Male,None,No tow/articulation,Did not leave carriageway,0,Going ahead other,1,109,Data missing or out of range,Nearside,2004
200401CW10132,Data missing or out of range,NA,Data missing or out of range,NA,NA,None,None,Data missing or out of range,Data missing or out of range,VAUXHALL,MOVANO 3500 CDTI MWB,NA,Male,None,No tow/articulation,Did not leave carriageway,0,Going ahead other,1,Other vehicle,Data missing or out of range,Nearside,2004
200401CW10133,26 - 35,NA,Urban area,5,9200,None,None,Data missing or out of range,Data missing or out of range,DAF,,Heavy oil,Male,None,No tow/articulation,Did not leave carriageway,2,Turning left,1,Bus or coach (17 or more pass seats),Data missing or out of range,Offside,2004
200401CW10134,56 - 65,1,Rural,4,1587,None,None,Data missing or out of range,Data missing or out of range,CITROEN,XSARA DESIRE,Petrol,Female,None,No tow/articulation,Did not leave carriageway,0,Turning right,1,109,Data missing or out of range,Front,2004
200401CW10136,36 - 45,7,Urban area,5,3378,None,None,Data missing or out of range,Data missing or out of range,TOYOTA,LANDCRUISER COLORADO VX A,Petrol,Female,None,No tow/articulation,Did not leave carriageway,0,Reversing,1,109,Data missing or out of range,Back,2004
200401CW10137,46 - 55,10,Urban area,2,1896,None,None,Data missing or out of range,Data missing or out of range,VOLKSWAGEN,PASSAT L TD UMWELT,Heavy oil,Male,None,No tow/articulation,Did not leave carriageway,0,Overtaking static vehicle - offside,1,109,Data missing or out of range,Back,2004
200401CW10142,26 - 35,1,Urban area,3,4966,None,None,Data missing or out of range,Data missing or out of range,MERCEDES,,Petrol,Male,None,No tow/articulation,Did not leave carriageway,0,Slowing or stopping,2,109,Data missing or out of range,Back,2004
200401CW10145,56 - 65,4,Urban area,8,1991,None,None,Data missing or out of range,Data missing or out of range,ROVER,75 CLASSIC SE AUTO,Petrol,Male,None,No tow/articulation,Did not leave carriageway,0,Turning right,2,109,Data missing or out of range,Offside,2004
200401CW10146,56 - 65,1,Urban area,2,7300,None,None,Data missing or out of range,Data missing or out of range,VOLVO,,Heavy oil,Male,None,No tow/articulation,Did not leave carriageway,0,Going ahead other,1,Bus or coach (17 or more pass seats),Data missing or out of range,Nearside,2004
200401CW10150,56 - 65,5,Data missing or out of range,NA,NA,None,None,Data missing or out of range,Data missing or out of range,DENNIS,,Heavy oil,Male,None,No tow/articulation,Did not leave carriageway,0,Slowing or stopping,1,Bus or coach (17 or more pass seats),Data missing or out of range,Did not impact,2004
200401CW10151,46 - 55,2,Data missing or out of range,NA,7300,None,None,Data missing or out of range,Data missing or out of range,VOLVO,,Heavy oil,Male,None,No tow/articulation,Did not leave carriageway,0,Going ahead other,1,Bus or coach (17 or more pass seats),Data missing or out of range,Back,2004
200401CW10152,36 - 45,NA,Urban area,6,NA,None,None,Data missing or out of range,Data missing or out of range,CITROEN,BERLINGO 1.9D 600,NA,Male,None,No tow/articulation,Did not leave carriageway,0,Going ahead other,1,109,Data missing or out of range,Offside,2004
200401CW10153,Data missing or out of range,4,Data missing or out of range,NA,2664,None,None,Data missing or out of range,Data missing or out of range,LONDON TAXIS INT,TX1 SILVER AUTO,Heavy oil,Male,None,No tow/articulation,Did not leave carriageway,0,Going ahead other,2,108,Data missing or out of range,Front,2004
200401CW10154,46 - 55,2,Data missing or out of range,NA,1130,None,None,Data missing or out of range,Data missing or out of range,BMW,R1150GS,Petrol,Male,None,No tow/articulation,Did not leave carriageway,0,Going ahead other,1,106,Data missing or out of range,Front,2004
200401CW10154,66 - 75,NA,Small town,4,NA,None,None,Data missing or out of range,Data missing or out of range,FORD,TRANSIT 350 LWB TD,NA,Male,None,No tow/articulation,Did not leave carriageway,0,Turning right,2,109,Data missing or out of range,Nearside,2004
200401CW10156,Data missing or out of range,4,Urban area,8,9600,None,None,Data missing or out of range,Data missing or out of range,VOLVO,,Heavy oil,Male,None,No tow/articulation,Did not leave carriageway,0,Turning left,1,Bus or coach (17 or more pass seats),Data missing or out of range,Front,2004
200401CW10157,Data missing or out of range,4,Data missing or out of range,NA,4250,None,None,Data missing or out of range,Data missing or out of range,MERCEDES,,Heavy oil,Male,None,No tow/articulation,Did not leave carriageway,0,Going ahead other,1,Van / Goods 3.5 tonnes mgw or under,Data missing or out of range,Nearside,2004
200401CW10159,56 - 65,4,Data missing or out of range,NA,8300,None,None,Data missing or out of range,Data missing or out of range,DENNIS,,Heavy oil,Male,None,No tow/articulation,Did not leave carriageway,0,Slowing or stopping,1,Bus or coach (17 or more pass seats),Data missing or out of range,Did not impact,2004
200401CW10160,36 - 45,5,Urban area,8,2664,None,None,Data missing or out of range,Data missing or out of range,LONDON TAXIS INT,TX1 SILVER AUTO,Heavy oil,Male,None,No tow/articulation,Did not leave carriageway,0,U-turn,1,108,Data missing or out of range,Offside,2004
200401CW10161,26 - 35,NA,Urban area,7,NA,None,None,Data missing or out of range,Data missing or out of range,HONDA,SES 125-3,NA,Male,None,No tow/articulation,Did not leave carriageway,0,Going ahead other,1,Motorcycle 125cc and under,Data missing or out of range,Front,2004
200401CW10161,36 - 45,6,Data missing or out of range,NA,NA,None,None,Data missing or out of range,Data missing or out of range,SEDDON/ATKINSON,,Heavy oil,Male,None,No tow/articulation,Did not leave carriageway,0,Turning left,2,Other vehicle,Data missing or out of range,Nearside,2004
200401CW10162,Data missing or out of range,8,Rural,9,1581,None,None,Data missing or out of range,Data missing or out of range,FIAT,PUNTO 90 ELX,Petrol,Male,None,No tow/articulation,Did not leave carriageway,0,Changing lane to right,1,109,Data missing or out of range,Offside,2004
200401CW10164,26 - 35,NA,Urban area,4,124,None,None,Data missing or out of range,Data missing or out of range,PIAGGIO,VESPA GT 125,Petrol,Male,None,No tow/articulation,Did not leave carriageway,0,Going ahead other,1,Motorcycle 125cc and under,Data missing or out of range,Front,2004
200401CW10164,26 - 35,NA,Urban area,4,98,None,None,Data missing or out of range,Data missing or out of range,YAMAHA,YN 100,Petrol,Male,None,No tow/articulation,Did not leave carriageway,0,Going ahead other,2,Motorcycle 125cc and under,Data missing or out of range,Offside,2004
200401CW10168,26 - 35,NA,Urban area,9,124,None,None,Data missing or out of range,Data missing or out of range,HONGYI,DIABLO PRINCE,Petrol,Male,None,No tow/articulation,Did not leave carriageway,0,Going ahead other,1,Motorcycle 125cc and under,Data missing or out of range,Did not impact,2004
200401CW10170,36 - 45,7,Data missing or out of range,NA,599,None,None,Data missing or out of range,Data missing or out of range,SUZUKI,GSF 600 SW,Petrol,Male,None,No tow/articulation,Did not leave carriageway,0,Turning right,1,106,Data missing or out of range,Nearside,2004
200401CW10170,46 - 55,NA,Rural,9,1686,None,None,Data missing or out of range,Data missing or out of range,VAUXHALL,COMBO 1700 DI,Heavy oil,Male,None,No tow/articulation,Did not leave carriageway,0,Turning right,2,Van / Goods 3.5 tonnes mgw or under,Data missing or out of range,Offside,2004
200401CW10172,46 - 55,NA,Urban area,2,NA,None,None,Data missing or out of range,Data missing or out of range,RENAULT,KANGOO 865 1.9D,NA,Male,None,No tow/articulation,Did not leave carriageway,0,Turning right,1,Other vehicle,Data missing or out of range,Front,2004
200401CW10173,21 - 25,9,Urban area,1,499,None,None,Data missing or out of range,Data missing or out of range,HONDA,,Petrol,Male,None,No tow/articulation,Did not leave carriageway,0,Going ahead other,1,106,Data missing or out of range,Front,2004
200401CW10174,66 - 75,5,Urban area,5,3301,None,None,Data missing or out of range,Data missing or out of range,CHRYSLER,GRAND VOYAGER LE AUTO,Petrol,Male,None,No tow/articulation,Did not leave carriageway,0,Going ahead other,1,109,Data missing or out of range,Front,2004
200401CW10180,36 - 45,NA,Urban area,4,NA,None,None,Data missing or out of range,Data missing or out of range,PEUGEOT,EXPERT 815D,NA,Male,None,No tow/articulation,Did not leave carriageway,0,Going ahead other,1,109,Data missing or out of range,Offside,2004
200401CW10181,26 - 35,2,Urban area,5,1870,None,None,Data missing or out of range,Data missing or out of range,RENAULT,LAGUNA AUTHENTIQUE DCI,Heavy oil,Male,None,No tow/articulation,Did not leave carriageway,0,Slowing or stopping,1,109,Data missing or out of range,Back,2004
200401CW10182,Data missing or out of range,5,Urban area,2,2435,None,None,Data missing or out of range,Data missing or out of range,VOLVO,V70 XT AUTO,Petrol,Male,None,No tow/articulation,Did not leave carriageway,0,Waiting to go - held up,1,109,Data missing or out of range,Back,2004
200401CW10186,36 - 45,NA,Data missing or out of range,NA,6370,None,None,Data missing or out of range,Data missing or out of range,MERCEDES,,Heavy oil,Male,None,No tow/articulation,Did not leave carriageway,0,Going ahead other,1,Bus or coach (17 or more pass seats),Data missing or out of range,Did not impact,2004
200401CW10191,36 - 45,6,Urban area,5,2664,None,None,Data missing or out of range,Data missing or out of range,LONDON TAXIS INT,TX1 BRONZE AUTO,Heavy oil,Male,None,No tow/articulation,Did not leave carriageway,0,Going ahead other,1,108,Data missing or out of range,Nearside,2004
200401CW10195,26 - 35,NA,Urban area,2,NA,None,None,Data missing or out of range,Data missing or out of range,PIAGGIO,ET2,NA,Male,None,No tow/articulation,Did not leave carriageway,0,Going ahead other,1,Motorcycle 50cc and under,Data missing or out of range,Front,2004
200401CW10200,36 - 45,NA,Urban area,7,748,None,None,Data missing or out of range,Data missing or out of range,DUCATI,749 S,Petrol,Male,None,No tow/articulation,Did not leave carriageway,0,Going ahead other,1,106,Data missing or out of range,Front,2004
200401CW10202,56 - 65,1,Urban area,1,7300,None,None,Data missing or out of range,Data missing or out of range,VOLVO,,Heavy oil,Male,None,No tow/articulation,Did not leave carriageway,0,Going ahead other,1,Bus or coach (17 or more pass seats),Data missing or out of range,Front,2004
200401CW10203,Data missing or out of range,10,Data missing or out of range,NA,1587,None,None,Data missing or out of range,Data missing or out of range,TOYOTA,CARINA E XI,Petrol,Male,None,No tow/articulation,Did not leave carriageway,0,Slowing or stopping,1,109,Data missing or out of range,Nearside,2004
200401CW10204,26 - 35,6,Urban area,4,1997,None,None,Data missing or out of range,Data missing or out of range,HONDA,ACCORD 2.0I SE,Petrol,Male,None,No tow/articulation,Did not leave carriageway,0,Turning right,1,109,Data missing or out of range,Front,2004
200401CW10205,36 - 45,NA,Urban area,NA,NA,None,None,Data missing or out of range,Data missing or out of range,VAUXHALL,ASTRA ENVOY 8V AUTO,NA,Male,None,No tow/articulation,Did not leave carriageway,0,Reversing,1,Van / Goods 3.5 tonnes mgw or under,Data missing or out of range,Back,2004
200401CW10208,26 - 35,9,Urban area,4,2498,Kerb,Other permanent object,Data missing or out of range,Data missing or out of range,VAUXHALL,OMEGA 2.5 V6 CDX,Petrol,Male,Skidded and overturned,No tow/articulation,Offside on to central reservation,0,Going ahead other,1,109,Data missing or out of range,Back,2004
200401CW10210,26 - 35,5,Urban area,1,650,None,None,Data missing or out of range,Data missing or out of range,HONDA,,Petrol,Male,None,No tow/articulation,Did not leave carriageway,0,Going ahead other,2,106,Data missing or out of range,Front,2004
200401CW10212,26 - 35,NA,Urban area,2,NA,None,None,Data missing or out of range,Data missing or out of range,HONDA,SES 125-3,NA,Male,None,No tow/articulation,Did not leave carriageway,0,Going ahead other,2,Motorcycle 125cc and under,Data missing or out of range,Nearside,2004
200401CW10215,56 - 65,15,Data missing or out of range,NA,1392,None,None,Data missing or out of range,Data missing or out of range,NISSAN,SUNNY PULSAR PREMIUM,Petrol,Male,None,No tow/articulation,Did not leave carriageway,0,Slowing or stopping,2,109,Data missing or out of range,Back,2004
200401CW10216,46 - 55,6,Urban area,10,2664,None,None,Data missing or out of range,Data missing or out of range,LONDON TAXIS INT,TX1 SILVER AUTO,Heavy oil,Male,None,No tow/articulation,Did not leave carriageway,0,Going ahead other,2,108,Data missing or out of range,Front,2004
200401CW10217,36 - 45,NA,Urban area,6,8268,None,None,Data missing or out of range,Data missing or out of range,TRANSBUS INT,,Heavy oil,Male,None,No tow/articulation,Did not leave carriageway,0,Moving off,1,Bus or coach (17 or more pass seats),Data missing or out of range,Front,2004
200401CW10218,46 - 55,4,Data missing or out of range,NA,3226,None,None,Data missing or out of range,Data missing or out of range,MERCEDES,E320 CDI ELEGANCE AUTO,Heavy oil,Male,None,No tow/articulation,Did not leave carriageway,0,Slowing or stopping,1,109,Data missing or out of range,Front,2004
200401CW10225,36 - 45,1,Urban area,NA,8268,None,None,Data missing or out of range,Data missing or out of range,DENNIS,,Heavy oil,Male,None,No tow/articulation,Did not leave carriageway,0,Going ahead other,1,Bus or coach (17 or more pass seats),Data missing or out of range,Did not impact,2004
200401CW10229,26 - 35,NA,Urban area,4,NA,None,None,Data missing or out of range,Data missing or out of range,TAIWAN GOLDEN BEE,DELIVERY,NA,Male,None,No tow/articulation,Did not leave carriageway,0,Going ahead other,1,Motorcycle 50cc and under,Data missing or out of range,Nearside,2004
200401CW10233,26 - 35,3,Urban area,2,1840,None,None,Data missing or out of range,Data missing or out of range,MAZDA,MX-5 1.8I,Petrol,Male,None,No tow/articulation,Did not leave carriageway,0,Turning right,1,109,Data missing or out of range,Nearside,2004
200401CW10234,26 - 35,2,Urban area,9,1796,None,None,Data missing or out of range,Data missing or out of range,VAUXHALL,ASTRA COUPE CONVERTIBLE,Petrol,Male,None,No tow/articulation,Did not leave carriageway,0,Going ahead other,2,109,Data missing or out of range,Front,2004
200401CW10235,26 - 35,1,Data missing or out of range,NA,7300,None,None,Data missing or out of range,Data missing or out of range,VOLVO,,Heavy oil,Male,None,No tow/articulation,Did not leave carriageway,0,Parked,1,Bus or coach (17 or more pass seats),Data missing or out of range,Data missing or out of range,2004
200401CW10236,26 - 35,NA,Urban area,9,NA,None,None,Data missing or out of range,Data missing or out of range,RENAULT,,NA,Male,None,No tow/articulation,Did not leave carriageway,0,Going ahead other,1,Van / Goods 3.5 tonnes mgw or under,Data missing or out of range,Offside,2004
200401CW10237,26 - 35,NA,Urban area,4,1686,None,None,Data missing or out of range,Data missing or out of range,VAUXHALL,COMBO 1700 DI,Heavy oil,Male,None,No tow/articulation,Did not leave carriageway,0,Moving off,1,Van / Goods 3.5 tonnes mgw or under,Data missing or out of range,Did not impact,2004
200401CW10237,26 - 35,NA,Urban area,7,NA,None,None,Data missing or out of range,Data missing or out of range,PIAGGIO,VESPA ET4,NA,Male,Skidded,No tow/articulation,Did not leave carriageway,0,Going ahead other,2,Motorcycle 125cc and under,Data missing or out of range,Did not impact,2004
200401CW10242,36 - 45,8,Data missing or out of range,NA,1598,None,None,Data missing or out of range,Data missing or out of range,VAUXHALL,VECTRA PREMIER,Petrol,Male,None,No tow/articulation,Did not leave carriageway,0,Changing lane to right,1,109,Data missing or out of range,Did not impact,2004
200401CW10243,26 - 35,1,Urban area,NA,8268,None,None,Data missing or out of range,Data missing or out of range,DENNIS,,Heavy oil,Male,None,No tow/articulation,Did not leave carriageway,0,Moving off,1,Bus or coach (17 or more pass seats),Data missing or out of range,Front,2004
200401CW10246,21 - 25,3,Urban area,2,49,None,None,Data missing or out of range,Data missing or out of range,PIAGGIO,ET2,Petrol,Female,None,No tow/articulation,Did not leave carriageway,0,Going ahead other,1,Motorcycle 50cc and under,Data missing or out of range,Nearside,2004
200401CW10247,36 - 45,15,Urban area,4,1596,None,None,Data missing or out of range,Data missing or out of range,NISSAN,SUNNY PULSAR GS,Petrol,Male,None,No tow/articulation,Did not leave carriageway,0,Moving off,2,109,Data missing or out of range,Front,2004
200401CW10248,26 - 35,12,Data missing or out of range,NA,400,None,None,Data missing or out of range,Data missing or out of range,HONDA,,Petrol,Male,None,No tow/articulation,Did not leave carriageway,0,Going ahead other,1,106,Data missing or out of range,Front,2004
200401CW10249,16 - 20,1,Urban area,NA,2597,None,None,Data missing or out of range,Data missing or out of range,MERCEDES,CLK 240 AVANTGARDE AUTO,Petrol,Male,Skidded,No tow/articulation,Did not leave carriageway,0,Going ahead other,2,109,Data missing or out of range,Did not impact,2004
200401CW10253,26 - 35,12,Urban area,2,1235,None,None,Data missing or out of range,Data missing or out of range,NISSAN,MICRA LX AUTO,Petrol,Female,None,No tow/articulation,Did not leave carriageway,0,Slowing or stopping,1,109,Data missing or out of range,Back,2004
200401CW10253,21 - 25,3,Urban area,2,4250,None,None,Data missing or out of range,Data missing or out of range,MERCEDES,,Heavy oil,Male,None,No tow/articulation,Did not leave carriageway,0,Going ahead other,2,Goods over 3.5t. and under 7.5t,Data missing or out of range,Front,2004
200401CW10254,36 - 45,NA,Urban area,8,NA,None,None,Data missing or out of range,Data missing or out of range,HONDA,CB 1300 F-3,NA,Male,None,No tow/articulation,Did not leave carriageway,0,Going ahead other,2,106,Data missing or out of range,Front,2004
200401CW10258,36 - 45,NA,Urban area,5,124,None,None,Data missing or out of range,Data missing or out of range,HONDA,CG 125-4,Petrol,Male,None,No tow/articulation,Did not leave carriageway,0,Going ahead other,1,Motorcycle 125cc and under,Data missing or out of range,Nearside,2004
200401CW10258,46 - 55,8,Urban area,10,1781,None,None,Data missing or out of range,Data missing or out of range,VOLKSWAGEN,GOLF GL AUTO,Petrol,Male,None,No tow/articulation,Did not leave carriageway,0,Moving off,2,109,Data missing or out of range,Offside,2004
200401CW10260,46 - 55,4,Urban area,3,1762,None,None,Data missing or out of range,Data missing or out of range,TOYOTA,,Petrol,Male,None,No tow/articulation,Did not leave carriageway,2,Moving off,2,109,Data missing or out of range,Offside,2004
200401CW10263,36 - 45,37,Urban area,2,NA,None,None,Data missing or out of range,Data missing or out of range,LEYLAND AEC,,Heavy oil,Male,None,No tow/articulation,Did not leave carriageway,0,Moving off,1,Bus or coach (17 or more pass seats),Data missing or out of range,Did not impact,2004
200401CW10265,21 - 25,1,Urban area,2,1998,None,None,Data missing or out of range,Data missing or out of range,FORD,TRANSIT 280 SWB TD,Heavy oil,Male,None,No tow/articulation,Did not leave carriageway,0,U-turn,2,Van / Goods 3.5 tonnes mgw or under,Data missing or out of range,Offside,2004
200401CW10271,36 - 45,5,Data missing or out of range,NA,NA,None,None,Data missing or out of range,Data missing or out of range,DENNIS,,Heavy oil,Male,None,No tow/articulation,Did not leave carriageway,0,Going ahead other,2,Bus or coach (17 or more pass seats),Data missing or out of range,Front,2004
200401CW10272,26 - 35,3,Data missing or out of range,NA,1970,None,None,Data missing or out of range,Data missing or out of range,ALFA ROMEO,156 SELESPEED VEL SWAGON,Petrol,Male,None,No tow/articulation,Did not leave carriageway,0,Reversing,1,109,Data missing or out of range,Offside,2004
200401CW10274,21 - 25,2,Urban area,1,7300,None,None,Data missing or out of range,Data missing or out of range,VOLVO,,Heavy oil,Male,None,No tow/articulation,Did not leave carriageway,0,Going ahead other,1,Bus or coach (17 or more pass seats),Data missing or out of range,Data missing or out of range,2004
200401CW10275,56 - 65,2,Urban area,4,1868,None,None,Data missing or out of range,Data missing or out of range,PEUGEOT,306 MERIDIAN D,Heavy oil,Male,None,No tow/articulation,Did not leave carriageway,0,Turning right,1,109,Data missing or out of range,Back,2004
200401CW10275,26 - 35,1,Data missing or out of range,NA,649,None,None,Data missing or out of range,Data missing or out of range,HONDA,NT650V-2,Petrol,Male,None,No tow/articulation,Did not leave carriageway,0,Going ahead other,2,106,Data missing or out of range,Front,2004
200401CW10277,26 - 35,NA,Urban area,5,NA,None,None,Data missing or out of range,Data missing or out of range,RENAULT,,NA,Male,None,No tow/articulation,Did not leave carriageway,0,Going ahead other,1,109,Data missing or out of range,Front,2004
200401CW10281,46 - 55,6,Urban area,4,3248,None,None,Data missing or out of range,Data missing or out of range,JAGUAR,XJ SPORT V8 AUTO,Petrol,Male,None,No tow/articulation,Did not leave carriageway,0,Going ahead other,1,109,Data missing or out of range,Front,2004
200401CW10282,26 - 35,10,Urban area,5,239,None,None,Data missing or out of range,Data missing or out of range,YAMAHA,,Petrol,Male,None,No tow/articulation,Did not leave carriageway,0,Going ahead other,1,106,Data missing or out of range,Nearside,2004
200401CW10283,26 - 35,9,Urban area,3,1845,None,None,Data missing or out of range,Data missing or out of range,MAZDA,MX-3 V6,Petrol,Female,None,No tow/articulation,Did not leave carriageway,0,Going ahead other,1,109,Data missing or out of range,Offside,2004
200401CW10284,26 - 35,1,Data missing or out of range,NA,4511,None,None,Data missing or out of range,Data missing or out of range,PORSCHE,CAYENNE S TIPTRONIC,Petrol,Male,None,No tow/articulation,Did not leave carriageway,0,Turning right,1,109,Data missing or out of range,Back,2004
200401CW10285,36 - 45,9,Urban area,3,399,None,None,Data missing or out of range,Data missing or out of range,HONDA,,Petrol,Male,Skidded,No tow/articulation,Did not leave carriageway,0,Going ahead other,1,106,Data missing or out of range,Front,2004
200401CW10286,46 - 55,12,Urban area,5,805,None,None,Data missing or out of range,Data missing or out of range,SUZUKI,,Petrol,Male,None,No tow/articulation,Did not leave carriageway,0,Going ahead other,1,106,Data missing or out of range,Front,2004
200401CW10287,26 - 35,6,Urban area,3,1997,None,None,Data missing or out of range,Data missing or out of range,HONDA,ACCORD 2.0I SE AUTO,Petrol,Male,None,No tow/articulation,Did not leave carriageway,0,Slowing or stopping,1,109,Data missing or out of range,Back,2004
200401CW10287,Data missing or out of range,13,Data missing or out of range,NA,2962,None,None,Data missing or out of range,Data missing or out of range,MERCEDES,300 GES AUTO,Petrol,Male,None,No tow/articulation,Did not leave carriageway,0,Going ahead other,2,109,Data missing or out of range,Front,2004
200401CW10296,26 - 35,2,Urban area,4,1796,None,None,Data missing or out of range,Data missing or out of range,MG,ZR+,Petrol,Male,None,No tow/articulation,Did not leave carriageway,0,Going ahead other,1,109,Data missing or out of range,Offside,2004
200401CW10301,36 - 45,NA,Urban area,2,NA,None,None,Data missing or out of range,Data missing or out of range,LONDON TAXIS INT,TX1 SILVER AUTO,NA,Male,None,No tow/articulation,Did not leave carriageway,0,Going ahead other,1,109,Data missing or out of range,Front,2004
200401CW10303,56 - 65,NA,Urban area,9,NA,None,None,Data missing or out of range,Data missing or out of range,MERCEDES,,NA,Male,None,No tow/articulation,Did not leave carriageway,0,Going ahead other,1,109,Data missing or out of range,Offside,2004
200401CW10304,26 - 35,NA,Urban area,5,NA,None,None,Data missing or out of range,Data missing or out of range,LEYLAND AEC,,Heavy oil,Male,None,No tow/articulation,Did not leave carriageway,0,Moving off,1,Bus or coach (17 or more pass seats),Data missing or out of range,Front,2004
200401CW10305,46 - 55,14,Urban area,4,2962,None,None,Data missing or out of range,Data missing or out of range,MERCEDES,300TE AUTO,Petrol,Male,None,No tow/articulation,Did not leave carriageway,0,Going ahead other,1,109,Data missing or out of range,Offside,2004
200401CW10327,36 - 45,7,Urban area,8,599,None,None,Data missing or out of range,Data missing or out of range,KAWASAKI,,Petrol,Male,None,No tow/articulation,Did not leave carriageway,0,Going ahead other,1,106,Data missing or out of range,Nearside,2004
200401CW10330,Data missing or out of range,2,Small town,9,2402,None,None,Data missing or out of range,Data missing or out of range,LONDON TAXIS INT,TXII SILVER AUTO,Heavy oil,Male,None,No tow/articulation,Did not leave carriageway,0,U-turn,2,108,Data missing or out of range,Offside,2004
200401CW10331,56 - 65,NA,Data missing or out of range,NA,1998,None,None,Data missing or out of range,Data missing or out of range,FORD,TRANSIT 280 SWB TD,Heavy oil,Male,None,No tow/articulation,Did not leave carriageway,0,Parked,1,Van / Goods 3.5 tonnes mgw or under,Data missing or out of range,Back,2004
200401CW10332,56 - 65,9,Small town,10,3980,None,None,Data missing or out of range,Data missing or out of range,DAIMLER,SIX AUTO,Petrol,Male,None,No tow/articulation,Did not leave carriageway,0,Going ahead other,1,109,Data missing or out of range,Nearside,2004
200401CW10333,36 - 45,3,Urban area,9,49,None,None,Data missing or out of range,Data missing or out of range,PIAGGIO,ET2,Petrol,Male,None,No tow/articulation,Did not leave carriageway,0,Going ahead other,1,Motorcycle 50cc and under,Data missing or out of range,Front,2004
200401CW10336,26 - 35,3,Urban area,3,1390,None,None,Data missing or out of range,Data missing or out of range,RENAULT,CLIO ALIZE,Petrol,Female,None,No tow/articulation,Did not leave carriageway,0,Going ahead other,1,109,Data missing or out of range,Offside,2004
200401CW10336,Data missing or out of range,NA,Data missing or out of range,NA,NA,None,None,Data missing or out of range,Data missing or out of range,IVECO-FORD,,NA,Male,None,No tow/articulation,Did not leave carriageway,0,Changing lane to left,2,Goods over 3.5t. and under 7.5t,Data missing or out of range,Nearside,2004
200401CW19007,36 - 45,3,Urban area,5,180,None,None,Data missing or out of range,Data missing or out of range,BMW,C1 200,Petrol,Male,None,No tow/articulation,Did not leave carriageway,0,Going ahead other,1,106,Data missing or out of range,Back,2004
200401CW19007,26 - 35,1,Urban area,2,7300,None,None,Data missing or out of range,Data missing or out of range,VOLVO,,Heavy oil,Male,None,No tow/articulation,Did not leave carriageway,0,Going ahead other,2,Bus or coach (17 or more pass seats),Data missing or out of range,Front,2004
200401CW19021,Data missing or out of range,13,Data missing or out of range,NA,1781,None,None,Data missing or out of range,Data missing or out of range,VOLKSWAGEN,GOLF GL 4+E 1.8,Petrol,Male,None,No tow/articulation,Did not leave carriageway,0,Reversing,1,109,Data missing or out of range,Back,2004
200401CW19035,Data missing or out of range,6,Data missing or out of range,NA,1997,None,None,Data missing or out of range,Data missing or out of range,HONDA,ACCORD 2.0I SE AUTO,Petrol,Male,None,No tow/articulation,Did not leave carriageway,0,Waiting to go - held up,1,109,Data missing or out of range,Back,2004
200401CW19035,Data missing or out of range,6,Urban area,4,1242,None,None,Data missing or out of range,Data missing or out of range,FIAT,PUNTO SX 60,Petrol,Male,None,No tow/articulation,Did not leave carriageway,0,Going ahead other,2,109,Data missing or out of range,Front,2004
200401CW19051,Data missing or out of range,8,Data missing or out of range,NA,3498,None,None,Data missing or out of range,Data missing or out of range,BMW,735I AUTO,Petrol,Male,None,No tow/articulation,Did not leave carriageway,0,Going ahead other,2,109,Data missing or out of range,Front,2004
200401CW19060,56 - 65,4,Urban area,8,2664,None,None,Data missing or out of range,Data missing or out of range,LONDON TAXIS INT,TX1 SILVER AUTO,Heavy oil,Male,None,No tow/articulation,Did not leave carriageway,0,Parked,1,108,Data missing or out of range,Back,2004
200401CW19066,21 - 25,3,Urban area,6,125,None,None,Data missing or out of range,Data missing or out of range,HONDA,,Petrol,Male,None,No tow/articulation,Did not leave carriageway,0,Going ahead other,1,Motorcycle 125cc and under,Data missing or out of range,Front,2004
200401CW19153,26 - 35,NA,Data missing or out of range,NA,NA,None,None,Data missing or out of range,Data missing or out of range,LONDON TAXIS INT,TX1 SILVER AUTO,NA,Male,None,No tow/articulation,Did not leave carriageway,0,Going ahead other,2,Bus or coach (17 or more pass seats),Data missing or out of range,Front,2004
200401CW19154,21 - 25,7,Urban area,4,1799,None,None,Data missing or out of range,Data missing or out of range,MERCEDES,C180 ESPRIT,Petrol,Male,None,No tow/articulation,Did not leave carriageway,0,Going ahead other,1,109,Data missing or out of range,Offside,2004
200401CW19155,26 - 35,NA,Urban area,2,599,None,None,Data missing or out of range,Data missing or out of range,HONDA,CB 600 F-3,Petrol,Male,None,No tow/articulation,Did not leave carriageway,0,Overtaking moving vehicle - offside,1,106,Data missing or out of range,Offside,2004
200401CW19157,36 - 45,1,Urban area,2,2685,None,None,Data missing or out of range,Data missing or out of range,MERCEDES,E270 CDI ELEGANCE AUTO,Heavy oil,Male,None,No tow/articulation,Did not leave carriageway,0,Parked,1,109,Data missing or out of range,Front,2004
200401CW19158,66 - 75,NA,Urban area,5,995,None,None,Data missing or out of range,Data missing or out of range,DAEWOO,MATIZ SE+,Petrol,Male,None,No tow/articulation,Did not leave carriageway,0,Going ahead other,1,109,Data missing or out of range,Front,2004
200401CW19159,26 - 35,NA,Urban area,2,NA,None,None,Data missing or out of range,Data missing or out of range,HONDA,SCV100F-E,NA,Male,None,No tow/articulation,Did not leave carriageway,0,Going ahead other,1,Motorcycle 125cc and under,Data missing or out of range,Front,2004
200401CW19159,26 - 35,NA,Data missing or out of range,NA,NA,None,None,Data missing or out of range,Data missing or out of range,PIAGGIO,VESPA ET4,NA,Male,None,No tow/articulation,Did not leave carriageway,0,Slowing or stopping,2,Motorcycle 125cc and under,Data missing or out of range,Back,2004
200401CW19164,56 - 65,8,Urban area,2,2498,None,None,Data missing or out of range,Data missing or out of range,VAUXHALL,OMEGA 2.5 TD CD AUTO,Heavy oil,Male,None,No tow/articulation,Did not leave carriageway,0,Moving off,1,109,Data missing or out of range,Nearside,2004
200401CW19168,36 - 45,6,Urban area,4,2664,None,None,Data missing or out of range,Data missing or out of range,LONDON TAXIS INT,TX1 BRONZE AUTO,Heavy oil,Male,None,No tow/articulation,Did not leave carriageway,0,Going ahead other,1,108,Data missing or out of range,Front,2004
200401CW19171,Data missing or out of range,6,Urban area,5,650,None,None,Data missing or out of range,Data missing or out of range,BMW,F650 STRADA,Petrol,Male,None,No tow/articulation,Did not leave carriageway,0,Waiting to go - held up,1,106,Data missing or out of range,Front,2004
200401CW19173,36 - 45,1,Urban area,5,1397,None,None,Data missing or out of range,Data missing or out of range,MERCEDES,A140 ELEGANCE AUTO,Petrol,Female,None,No tow/articulation,Did not leave carriageway,0,Going ahead other,1,109,Data missing or out of range,Front,2004
200401CW19210,Data missing or out of range,2,Urban area,7,2402,None,None,Data missing or out of range,Data missing or out of range,LONDON TAXIS INT,TXII BRONZE AUTO,Heavy oil,Male,None,No tow/articulation,Did not leave carriageway,0,Waiting to go - held up,2,108,Data missing or out of range,Nearside,2004
200401CW19295,36 - 45,NA,Data missing or out of range,NA,7300,None,None,Data missing or out of range,Data missing or out of range,VOLVO,,Heavy oil,Male,None,No tow/articulation,Did not leave carriageway,0,Going ahead other,1,Bus or coach (17 or more pass seats),Data missing or out of range,Front,2004
200401CW19457,21 - 25,NA,Urban area,2,NA,None,None,Data missing or out of range,Data missing or out of range,DI BLASI,,NA,Male,None,No tow/articulation,Did not leave carriageway,0,Going ahead other,1,Motorcycle 50cc and under,Data missing or out of range,Front,2004
200401DM00012,Data missing or out of range,11,Data missing or out of range,NA,1468,None,None,Data missing or out of range,Data missing or out of range,HYUNDAI,X2 PONY GSI AUTO,Petrol,Not known,None,No tow/articulation,Did not leave carriageway,0,Parked,2,109,Data missing or out of range,Front,2004
200401DM00015,46 - 55,2,Urban area,6,2402,None,None,Data missing or out of range,Data missing or out of range,LONDON TAXIS INT,TXII SILVER AUTO,Heavy oil,Male,None,No tow/articulation,Did not leave carriageway,0,Going ahead other,1,108,Data missing or out of range,Offside,2004
200401DM00020,56 - 65,4,Urban area,8,8970,None,None,Data missing or out of range,Data missing or out of range,SCANIA,,Heavy oil,Male,None,No tow/articulation,Did not leave carriageway,0,Parked,2,Goods 7.5 tonnes mgw and over,Data missing or out of range,Back,2004
200401DM00024,26 - 35,3,Data missing or out of range,NA,NA,None,None,Data missing or out of range,Data missing or out of range,DAF TRUCKS,,Heavy oil,Male,None,No tow/articulation,Did not leave carriageway,0,Parked,1,Bus or coach (17 or more pass seats),Data missing or out of range,Did not impact,2004
200401DM00028,26 - 35,11,Urban area,6,1985,None,None,Data missing or out of range,Data missing or out of range,SAAB,9000 CSE TURBO,Petrol,Male,None,No tow/articulation,Did not leave carriageway,0,Going ahead other,1,109,Data missing or out of range,Front,2004
200401DM00028,36 - 45,21,Urban area,5,850,None,None,Data missing or out of range,Data missing or out of range,MOTO GUZZI,,Petrol,Male,None,No tow/articulation,Did not leave carriageway,0,Turning right,2,106,Data missing or out of range,Front,2004
200401DM00030,66 - 75,2,Urban area,8,2664,None,None,Data missing or out of range,Data missing or out of range,LONDON TAXIS INT,TX1 BRONZE AUTO,Heavy oil,Male,None,No tow/articulation,Did not leave carriageway,0,Going ahead other,1,108,Data missing or out of range,Nearside,2004
200401DM00032,26 - 35,13,Urban area,6,1124,None,None,Data missing or out of range,Data missing or out of range,PEUGEOT,205 TRIO S,Petrol,Female,None,No tow/articulation,Did not leave carriageway,0,Waiting to turn right,1,109,Data missing or out of range,Back,2004
200401DM00039,46 - 55,2,Urban area,4,7300,None,None,Data missing or out of range,Data missing or out of range,VOLVO,,Heavy oil,Male,None,No tow/articulation,Did not leave carriageway,0,Going ahead other,1,Bus or coach (17 or more pass seats),Data missing or out of range,Front,2004
200401DM00048,36 - 45,NA,Data missing or out of range,NA,NA,None,None,Data missing or out of range,Data missing or out of range,IVECO,,NA,Male,None,No tow/articulation,Did not leave carriageway,0,Moving off,1,Other vehicle,Data missing or out of range,Offside,2004
200401DM00050,21 - 25,2,Data missing or out of range,NA,8268,None,None,Data missing or out of range,Data missing or out of range,DENNIS,,Heavy oil,Male,None,No tow/articulation,Did not leave carriageway,0,Parked,1,Bus or coach (17 or more pass seats),Data missing or out of range,Did not impact,2004
200401DM00051,36 - 45,2,Rural,8,2446,None,None,Data missing or out of range,Data missing or out of range,METROCAB,METROCAB AUTO,Heavy oil,Male,None,No tow/articulation,Did not leave carriageway,0,Going ahead right-hand bend,1,108,Data missing or out of range,Front,2004
200401DM00052,Data missing or out of range,NA,Data missing or out of range,NA,1998,None,None,Data missing or out of range,Data missing or out of range,HONDA,CR-V I-VTEC EXECUTIVE,Petrol,Not known,None,No tow/articulation,Did not leave carriageway,0,Turning right,1,109,Data missing or out of range,Offside,2004
200401DM00053,36 - 45,24,Data missing or out of range,NA,10450,None,None,Data missing or out of range,Data missing or out of range,MCW,,Heavy oil,Male,None,No tow/articulation,Did not leave carriageway,0,Moving off,1,Bus or coach (17 or more pass seats),Data missing or out of range,Did not impact,2004
200401DM00054,46 - 55,4,Urban area,9,2664,None,None,Data missing or out of range,Data missing or out of range,LONDON TAXIS INT,TX1 BRONZE AUTO,Heavy oil,Male,None,No tow/articulation,Did not leave carriageway,0,Overtaking static vehicle - offside,2,108,Data missing or out of range,Nearside,2004
200401DM00055,36 - 45,17,Urban area,5,NA,None,None,Data missing or out of range,Data missing or out of range,LEYLAND,,Heavy oil,Male,None,No tow/articulation,Did not leave carriageway,0,Going ahead other,1,Bus or coach (17 or more pass seats),Data missing or out of range,Front,2004
200401DM00056,56 - 65,5,Urban area,3,2494,None,None,Data missing or out of range,Data missing or out of range,BMW,323I SE AUTO,Petrol,Male,None,No tow/articulation,Did not leave carriageway,0,Turning left,1,109,Data missing or out of range,Front,2004
200401DM00059,46 - 55,6,Urban area,3,1124,None,None,Data missing or out of range,Data missing or out of range,PEUGEOT,106 XN ZEST 2,Petrol,Male,None,No tow/articulation,Did not leave carriageway,0,Going ahead other,1,109,Data missing or out of range,Front,2004
200401DM00065,36 - 45,2,Data missing or out of range,NA,400,None,None,Data missing or out of range,Data missing or out of range,KTM,,Petrol,Male,None,No tow/articulation,Did not leave carriageway,0,Turning right,2,106,Data missing or out of range,Front,2004
200401DM00067,Data missing or out of range,13,Urban area,3,399,None,None,Data missing or out of range,Data missing or out of range,HONDA,,Petrol,Male,None,No tow/articulation,Did not leave carriageway,0,Going ahead other,1,106,Data missing or out of range,Back,2004
200401DM00068,21 - 25,2,Urban area,3,8268,None,None,Data missing or out of range,Data missing or out of range,DENNIS,,Heavy oil,Male,None,No tow/articulation,Did not leave carriageway,0,Parked,1,Bus or coach (17 or more pass seats),Data missing or out of range,Back,2004
200401DM00069,36 - 45,5,Urban area,2,10964,None,None,Data missing or out of range,Data missing or out of range,MERCEDES,,Heavy oil,Male,None,Articulated vehicle,Did not leave carriageway,0,Turning left,1,Goods 7.5 tonnes mgw and over,Data missing or out of range,Offside,2004
200401DM00078,26 - 35,11,Urban area,2,400,None,None,Data missing or out of range,Data missing or out of range,HONDA,,Petrol,Male,None,No tow/articulation,Did not leave carriageway,0,Going ahead other,1,106,Data missing or out of range,Front,2004
200401DM00079,21 - 25,1,Urban area,3,1796,None,None,Data missing or out of range,Data missing or out of range,MERCEDES,E200 KOMP CLASSIC A,Petrol,Male,None,No tow/articulation,Did not leave carriageway,0,Going ahead other,1,109,Data missing or out of range,Front,2004
200401DM00083,56 - 65,1,Urban area,5,8268,None,None,Data missing or out of range,Data missing or out of range,DENNIS,,Heavy oil,Male,None,No tow/articulation,Did not leave carriageway,2,Going ahead other,1,Bus or coach (17 or more pass seats),Data missing or out of range,Did not impact,2004
200401DM00086,21 - 25,6,Urban area,2,1396,None,None,Data missing or out of range,Data missing or out of range,ROVER,214S,Petrol,Female,None,No tow/articulation,Did not leave carriageway,0,Going ahead other,1,109,Data missing or out of range,Front,2004
200401DM00088,56 - 65,1,Urban area,3,1595,None,None,Data missing or out of range,Data missing or out of range,VOLKSWAGEN,GOLF MATCH AUTO,Petrol,Male,None,No tow/articulation,Did not leave carriageway,0,U-turn,1,109,Data missing or out of range,Offside,2004
200401DM00088,26 - 35,9,Urban area,6,499,None,None,Data missing or out of range,Data missing or out of range,HONDA,,Petrol,Male,None,No tow/articulation,Did not leave carriageway,0,Overtaking moving vehicle - offside,2,106,Data missing or out of range,Front,2004
200401DM00089,21 - 25,3,Urban area,10,124,None,None,Data missing or out of range,Data missing or out of range,SUZUKI,GN 125 Y,Petrol,Male,None,No tow/articulation,Did not leave carriageway,0,Going ahead other,1,Motorcycle 125cc and under,Data missing or out of range,Front,2004
200401DM00093,Data missing or out of range,6,Urban area,8,2295,None,None,Data missing or out of range,Data missing or out of range,MERCEDES,C230 KOMPRESSOR SPORT,Petrol,Male,None,No tow/articulation,Did not leave carriageway,0,Turning right,1,109,Data missing or out of range,Offside,2004
200401DM00095,56 - 65,1,Data missing or out of range,NA,8268,None,None,Data missing or out of range,Data missing or out of range,DENNIS,,Heavy oil,Male,None,No tow/articulation,Did not leave carriageway,0,Parked,1,Bus or coach (17 or more pass seats),Data missing or out of range,Did not impact,2004
200401DM00098,16 - 20,2,Urban area,2,124,None,None,Data missing or out of range,Data missing or out of range,APRILIA,,Petrol,Male,None,No tow/articulation,Did not leave carriageway,2,Going ahead other,2,Motorcycle 125cc and under,Data missing or out of range,Offside,2004
200401DM00102,36 - 45,3,Small town,10,2496,None,None,Data missing or out of range,Data missing or out of range,AUDI,A6 2.5 TDI SE,Heavy oil,Male,None,No tow/articulation,Did not leave carriageway,0,Going ahead other,1,109,Data missing or out of range,Offside,2004
200401DM00102,56 - 65,10,Urban area,10,1997,None,None,Data missing or out of range,Data missing or out of range,HYUNDAI,SONATA GLX AUTO,Petrol,Male,None,No tow/articulation,Did not leave carriageway,0,Going ahead other,2,109,Data missing or out of range,Front,2004
200401DM00108,26 - 35,2,Urban area,1,8268,None,None,Data missing or out of range,Data missing or out of range,DENNIS,,Heavy oil,Not known,None,No tow/articulation,Did not leave carriageway,0,Going ahead other,1,Bus or coach (17 or more pass seats),Data missing or out of range,Front,2004
200401DM00111,36 - 45,7,Urban area,1,124,None,None,Data missing or out of range,Data missing or out of range,PIAGGIO,VESPA ET4,Petrol,Male,None,No tow/articulation,Did not leave carriageway,0,Going ahead other,1,Motorcycle 125cc and under,Data missing or out of range,Offside,2004
200401DM00112,26 - 35,6,Urban area,3,1597,None,None,Data missing or out of range,Data missing or out of range,FORD,ESCORT FINESSE 16V,Petrol,Male,None,No tow/articulation,Did not leave carriageway,0,Turning right,1,109,Data missing or out of range,Front,2004
200401DM00114,Data missing or out of range,2,Data missing or out of range,NA,4250,None,None,Data missing or out of range,Data missing or out of range,MERCEDES,,Heavy oil,Not known,None,No tow/articulation,Did not leave carriageway,0,Changing lane to right,1,Goods over 3.5t. and under 7.5t,Data missing or out of range,Offside,2004
200401DM00116,Data missing or out of range,7,Data missing or out of range,NA,1970,None,None,Data missing or out of range,Data missing or out of range,ALFA ROMEO,GTV T SPARK 16V,Petrol,Male,None,No tow/articulation,Did not leave carriageway,0,Going ahead other,2,109,Data missing or out of range,Front,2004
200401DM00117,26 - 35,1,Urban area,7,1998,None,None,Data missing or out of range,Data missing or out of range,FORD,TRANSIT 280 SWB TD,Heavy oil,Male,None,No tow/articulation,Did not leave carriageway,0,Waiting to go - held up,1,Van / Goods 3.5 tonnes mgw or under,Data missing or out of range,Back,2004
200401DM00119,26 - 35,2,Urban area,7,124,None,None,Data missing or out of range,Data missing or out of range,PIAGGIO,VESPA ET4,Petrol,Male,None,No tow/articulation,Did not leave carriageway,0,Going ahead other,1,Motorcycle 125cc and under,Data missing or out of range,Front,2004
200401DM00120,56 - 65,6,Data missing or out of range,NA,2664,None,None,Data missing or out of range,Data missing or out of range,LONDON TAXIS INT,TX1 BRONZE AUTO,Heavy oil,Male,None,No tow/articulation,Did not leave carriageway,0,Waiting to go - held up,1,108,Data missing or out of range,Back,2004
200401DM00120,Data missing or out of range,2,Data missing or out of range,NA,7300,None,None,Data missing or out of range,Data missing or out of range,VOLVO,,Heavy oil,Not known,None,No tow/articulation,Did not leave carriageway,0,Going ahead other,2,Bus or coach (17 or more pass seats),Data missing or out of range,Front,2004
200401DM00121,21 - 25,1,Urban area,5,49,None,None,Data missing or out of range,Data missing or out of range,PEUGEOT,VIVACITY 50,Petrol,Male,None,No tow/articulation,Did not leave carriageway,0,Going ahead right-hand bend,1,Motorcycle 125cc and under,Data missing or out of range,Offside,2004
200401DM00122,21 - 25,NA,Urban area,8,NA,None,None,Data missing or out of range,Data missing or out of range,RENAULT,KANGOO 865 1.9D,NA,Male,None,No tow/articulation,Did not leave carriageway,0,Going ahead other,1,109,Data missing or out of range,Front,2004
200401DM00123,56 - 65,3,Data missing or out of range,NA,2664,None,None,Data missing or out of range,Data missing or out of range,LONDON TAXIS INT,TX1 SILVER AUTO,Heavy oil,Male,None,No tow/articulation,Did not leave carriageway,0,Turning right,1,108,Data missing or out of range,Front,2004
200401DM00126,46 - 55,1,Urban area,3,1896,None,None,Data missing or out of range,Data missing or out of range,VOLKSWAGEN,SHARAN SL TDI,Heavy oil,Male,None,No tow/articulation,Did not leave carriageway,0,Turning left,1,109,Data missing or out of range,Front,2004
200401DM00127,26 - 35,1,Urban area,NA,897,None,None,Data missing or out of range,Data missing or out of range,YAMAHA,TDM 900,Petrol,Male,None,No tow/articulation,Did not leave carriageway,0,Going ahead other,1,106,Data missing or out of range,Nearside,2004
200401DM00132,36 - 45,1,Urban area,1,2402,None,None,Data missing or out of range,Data missing or out of range,LONDON TAXIS INT,TXII SILVER AUTO,Heavy oil,Male,None,No tow/articulation,Did not leave carriageway,0,Waiting to go - held up,2,108,Data missing or out of range,Back,2004
200401DM00132,46 - 55,6,Urban area,7,2800,None,None,Data missing or out of range,Data missing or out of range,FIAT,DUCATO 14 TDI LWB,Heavy oil,Male,None,No tow/articulation,Did not leave carriageway,0,Going ahead left-hand bend,3,Van / Goods 3.5 tonnes mgw or under,Data missing or out of range,Front,2004
200401DM00133,36 - 45,11,Urban area,4,400,None,None,Data missing or out of range,Data missing or out of range,HONDA,,Petrol,Male,Skidded,No tow/articulation,Did not leave carriageway,0,Going ahead other,1,106,Data missing or out of range,Front,2004
200401DM00134,26 - 35,5,Urban area,4,124,None,None,Data missing or out of range,Data missing or out of range,PIAGGIO,VESPA ET4,Petrol,Female,None,No tow/articulation,Did not leave carriageway,0,Going ahead right-hand bend,1,Motorcycle 125cc and under,Data missing or out of range,Did not impact,2004
200401DM00137,36 - 45,NA,Urban area,3,NA,None,None,Data missing or out of range,Data missing or out of range,PEUGEOT,PARTNER 600 LX DIESEL,NA,Male,None,No tow/articulation,Did not leave carriageway,0,Turning left,1,109,Data missing or out of range,Offside,2004
200401DM00138,56 - 65,6,Urban area,2,1242,None,None,Data missing or out of range,Data missing or out of range,FIAT,PUNTO SX 60,Petrol,Male,None,No tow/articulation,Did not leave carriageway,0,Going ahead other,1,109,Data missing or out of range,Front,2004
200401DM00140,36 - 45,NA,Urban area,2,NA,None,None,Data missing or out of range,Data missing or out of range,MERCEDES,,NA,Male,None,No tow/articulation,Did not leave carriageway,0,Parked,1,Van / Goods 3.5 tonnes mgw or under,Data missing or out of range,Did not impact,2004
200401DM00141,36 - 45,5,Urban area,8,2996,None,None,Data missing or out of range,Data missing or out of range,MERCEDES,E300 ELEGANCE TD AUTO,Heavy oil,Male,None,No tow/articulation,Did not leave carriageway,0,Going ahead other,1,109,Data missing or out of range,Nearside,2004
200401DM00146,46 - 55,11,Urban area,3,5861,None,None,Data missing or out of range,Data missing or out of range,IVECO-FORD,,Heavy oil,Male,None,No tow/articulation,Did not leave carriageway,0,Turning right,1,Goods 7.5 tonnes mgw and over,Data missing or out of range,Offside,2004
200401DM00147,56 - 65,12,Urban area,2,1396,None,None,Data missing or out of range,Data missing or out of range,ROVER,214 GSI,Petrol,Female,None,No tow/articulation,Did not leave carriageway,0,Going ahead other,1,109,Data missing or out of range,Offside,2004
200401DM00148,36 - 45,10,Urban area,9,1896,None,None,Data missing or out of range,Data missing or out of range,VOLKSWAGEN,GOLF MATCH DIESEL,Heavy oil,Male,None,No tow/articulation,Did not leave carriageway,0,Changing lane to left,2,109,Data missing or out of range,Nearside,2004
200401DM00149,46 - 55,NA,Urban area,10,NA,Open door of vehicle,None,Data missing or out of range,Data missing or out of range,SCANIA,,NA,Male,None,Articulated vehicle,Did not leave carriageway,0,Going ahead other,1,Goods 7.5 tonnes mgw and over,Data missing or out of range,Front,2004
200401DM00150,56 - 65,2,Urban area,4,2402,None,None,Data missing or out of range,Data missing or out of range,LONDON TAXIS INT,TXII SILVER AUTO,Heavy oil,Male,None,No tow/articulation,Did not leave carriageway,0,Going ahead other,1,108,Data missing or out of range,Nearside,2004
200401DM00151,46 - 55,13,Urban area,2,1289,None,None,Data missing or out of range,Data missing or out of range,SKODA,FAVORIT 136LX,Petrol,Female,None,No tow/articulation,Did not leave carriageway,0,Going ahead other,2,109,Data missing or out of range,Front,2004
200401DM00154,46 - 55,6,Urban area,3,1998,None,None,Data missing or out of range,Data missing or out of range,DAEWOO,LEGANZA SX AUTO,Petrol,Female,None,No tow/articulation,Did not leave carriageway,0,Waiting to go - held up,1,109,Data missing or out of range,Back,2004
200401DM00154,Data missing or out of range,NA,Urban area,9,NA,None,None,Data missing or out of range,Data missing or out of range,MERCEDES,310 VAN,NA,Male,None,No tow/articulation,Did not leave carriageway,0,Turning left,2,Bus or coach (17 or more pass seats),Data missing or out of range,Front,2004
200401DM00156,26 - 35,2,Urban area,3,8268,None,None,Data missing or out of range,Data missing or out of range,DENNIS,,Heavy oil,Female,None,No tow/articulation,Did not leave carriageway,0,Waiting to go - held up,1,Bus or coach (17 or more pass seats),Data missing or out of range,Front,2004
200401DM00158,26 - 35,3,Urban area,4,955,None,None,Data missing or out of range,Data missing or out of range,TRIUMPH,TIGER 955I,Petrol,Male,None,No tow/articulation,Did not leave carriageway,0,Overtaking static vehicle - offside,1,106,Data missing or out of range,Front,2004
200401DM00159,46 - 55,1,Urban area,5,1781,None,None,Data missing or out of range,Data missing or out of range,VOLKSWAGEN,PASSAT SE 20V TURBO TIPTRON,Petrol,Male,None,No tow/articulation,Did not leave carriageway,0,Going ahead other,1,109,Data missing or out of range,Front,2004
200401DM00161,21 - 25,1,Urban area,3,124,None,None,Data missing or out of range,Data missing or out of range,SUZUKI,,Petrol,Male,None,No tow/articulation,Did not leave carriageway,0,Going ahead other,1,Motorcycle 125cc and under,Data missing or out of range,Offside,2004
200401DM00161,36 - 45,18,Urban area,5,NA,None,None,Data missing or out of range,Data missing or out of range,LEYLAND,,Heavy oil,Male,None,No tow/articulation,Did not leave carriageway,0,Going ahead other,2,Bus or coach (17 or more pass seats),Data missing or out of range,Front,2004
200401DM00163,26 - 35,2,Data missing or out of range,NA,4580,None,None,Data missing or out of range,Data missing or out of range,MAN,,Heavy oil,Male,None,Articulated vehicle,Did not leave carriageway,0,Turning left,2,Goods 7.5 tonnes mgw and over,Data missing or out of range,Nearside,2004
200401DM00164,36 - 45,6,Urban area,9,2664,None,None,Data missing or out of range,Data missing or out of range,LONDON TAXIS INT,TX1 SILVER AUTO,Heavy oil,Male,None,No tow/articulation,Did not leave carriageway,0,Going ahead other,1,108,Data missing or out of range,Front,2004
200401DM00165,66 - 75,2,Data missing or out of range,NA,7300,None,None,Data missing or out of range,Data missing or out of range,VOLVO,,Heavy oil,Male,None,No tow/articulation,Did not leave carriageway,0,Changing lane to right,2,Bus or coach (17 or more pass seats),Data missing or out of range,Offside,2004
200401DM00166,16 - 20,11,Urban area,10,124,None,None,Data missing or out of range,Data missing or out of range,YAMAHA,,Petrol,Male,None,No tow/articulation,Did not leave carriageway,0,Overtaking static vehicle - offside,1,Motorcycle 125cc and under,Data missing or out of range,Front,2004
200401DM00168,56 - 65,13,Urban area,2,1235,None,None,Data missing or out of range,Data missing or out of range,NISSAN,MICRA GS AUTO,Petrol,Female,None,No tow/articulation,Did not leave carriageway,0,Going ahead other,1,109,Data missing or out of range,Front,2004
200401DM00168,56 - 65,1,Urban area,8,1341,None,None,Data missing or out of range,Data missing or out of range,HYUNDAI,GETZ CDX AUTO,Petrol,Male,None,No tow/articulation,Did not leave carriageway,0,Waiting to go - held up,2,109,Data missing or out of range,Back,2004
200401DM00170,36 - 45,1,Urban area,3,6370,None,None,Data missing or out of range,Data missing or out of range,MERCEDES,,Heavy oil,Male,None,No tow/articulation,Did not leave carriageway,2,Going ahead other,2,Bus or coach (17 or more pass seats),Data missing or out of range,Offside,2004
200401DM00171,56 - 65,2,Urban area,10,1261,None,None,Data missing or out of range,Data missing or out of range,HONDA,ST1300 A,Petrol,Male,None,No tow/articulation,Did not leave carriageway,0,Going ahead other,1,106,Data missing or out of range,Front,2004
200401DM00173,26 - 35,3,Urban area,2,12130,None,None,Data missing or out of range,Data missing or out of range,VOLVO,,Heavy oil,Male,None,No tow/articulation,Did not leave carriageway,0,Going ahead other,2,Goods 7.5 tonnes mgw and over,Data missing or out of range,Front,2004
200401DM00173,Over 75,25,Data missing or out of range,NA,NA,None,None,Data missing or out of range,Data missing or out of range,BEDFORD,,Heavy oil,Male,None,No tow/articulation,Did not leave carriageway,0,Parked,3,Bus or coach (17 or more pass seats),Data missing or out of range,Offside,2004
200401DM00175,36 - 45,3,Data missing or out of range,NA,2151,None,None,Data missing or out of range,Data missing or out of range,MERCEDES,E220 CDI ELEGANCE AUTO,Heavy oil,Male,None,No tow/articulation,Did not leave carriageway,0,Going ahead left-hand bend,1,109,Data missing or out of range,Offside,2004
200401DM00175,26 - 35,5,Urban area,5,2435,None,None,Data missing or out of range,Data missing or out of range,VOLVO,C70 20V AUTO,Petrol,Male,None,No tow/articulation,Did not leave carriageway,0,Going ahead left-hand bend,2,109,Data missing or out of range,Nearside,2004
200401DM00178,46 - 55,8,Urban area,2,2299,None,None,Data missing or out of range,Data missing or out of range,MERCEDES,208D LWB,Heavy oil,Male,None,No tow/articulation,Did not leave carriageway,0,Going ahead other,2,Van / Goods 3.5 tonnes mgw or under,Data missing or out of range,Front,2004
200401DM00179,36 - 45,8,Urban area,2,499,None,None,Data missing or out of range,Data missing or out of range,HONDA,,Petrol,Male,None,No tow/articulation,Did not leave carriageway,0,Going ahead other,1,106,Data missing or out of range,Front,2004
200401DM00181,36 - 45,4,Urban area,8,8300,None,None,Data missing or out of range,Data missing or out of range,DENNIS,,Heavy oil,Male,None,No tow/articulation,Did not leave carriageway,0,Going ahead other,1,Bus or coach (17 or more pass seats),Data missing or out of range,Front,2004
200401DM00182,26 - 35,3,Data missing or out of range,NA,7300,None,None,Data missing or out of range,Data missing or out of range,VOLVO,,Heavy oil,Male,None,No tow/articulation,Did not leave carriageway,0,Slowing or stopping,1,Bus or coach (17 or more pass seats),Data missing or out of range,Did not impact,2004
200401DM00183,26 - 35,3,Data missing or out of range,NA,8268,None,None,Data missing or out of range,Data missing or out of range,DENNIS,,Heavy oil,Male,None,No tow/articulation,Did not leave carriageway,0,Going ahead other,2,Bus or coach (17 or more pass seats),Data missing or out of range,Front,2004
200401DM00184,26 - 35,38,Urban area,2,NA,None,None,Data missing or out of range,Data missing or out of range,LEYLAND AEC,,Heavy oil,Male,None,No tow/articulation,Did not leave carriageway,0,Moving off,1,Bus or coach (17 or more pass seats),Data missing or out of range,Did not impact,2004
200401DM00187,Data missing or out of range,3,Data missing or out of range,NA,2148,None,None,Data missing or out of range,Data missing or out of range,MERCEDES,E220 CDI AVANTGARDE,Heavy oil,Female,None,No tow/articulation,Did not leave carriageway,0,Going ahead other,1,109,Data missing or out of range,Front,2004
200401DM00188,26 - 35,1,Data missing or out of range,NA,8268,None,None,Data missing or out of range,Data missing or out of range,DENNIS,,Heavy oil,Male,None,No tow/articulation,Did not leave carriageway,0,Going ahead other,1,Bus or coach (17 or more pass seats),Data missing or out of range,Front,2004
200401DM00190,21 - 25,6,Urban area,2,1242,None,None,Data missing or out of range,Data missing or out of range,FIAT,PUNTO SX 60,Petrol,Male,None,No tow/articulation,Did not leave carriageway,0,Moving off,1,109,Data missing or out of range,Front,2004
200401DM00191,46 - 55,3,Urban area,2,8268,None,None,Data missing or out of range,Data missing or out of range,DENNIS,,Heavy oil,Male,None,No tow/articulation,Did not leave carriageway,0,Going ahead other,1,Bus or coach (17 or more pass seats),Data missing or out of range,Did not impact,2004
200401DM00193,26 - 35,17,Data missing or out of range,NA,1297,None,None,Data missing or out of range,Data missing or out of range,VAUXHALL,ASTRA 1.3,Petrol,Male,None,No tow/articulation,Did not leave carriageway,0,Going ahead other,1,109,Data missing or out of range,Front,2004
200401DM00198,21 - 25,3,Urban area,2,400,None,None,Data missing or out of range,Data missing or out of range,KAWASAKI,,Petrol,Male,None,No tow/articulation,Did not leave carriageway,0,Going ahead other,1,106,Data missing or out of range,Front,2004
200401DM00203,26 - 35,13,Urban area,5,599,None,None,Data missing or out of range,Data missing or out of range,YAMAHA,,Petrol,Male,None,No tow/articulation,Did not leave carriageway,0,Overtaking static vehicle - offside,1,106,Data missing or out of range,Nearside,2004
200401DM00203,36 - 45,NA,Urban area,7,NA,None,None,Data missing or out of range,Data missing or out of range,RENAULT,KANGOO 665 1.9D,NA,Male,None,No tow/articulation,Did not leave carriageway,0,Changing lane to right,3,109,Data missing or out of range,Offside,2004
200401DM00204,26 - 35,1,Data missing or out of range,NA,2148,None,None,Data missing or out of range,Data missing or out of range,MERCEDES,SPRINTER 308 CDI PLUS MWB,Heavy oil,Male,None,No tow/articulation,Did not leave carriageway,0,Going ahead other,1,Van / Goods 3.5 tonnes mgw or under,Data missing or out of range,Nearside,2004
200401DM00206,46 - 55,37,Urban area,2,NA,None,None,Data missing or out of range,Data missing or out of range,LEYLAND AEC,,Heavy oil,Male,None,No tow/articulation,Did not leave carriageway,0,Slowing or stopping,1,Bus or coach (17 or more pass seats),Data missing or out of range,Did not impact,2004
200401DM00211,36 - 45,NA,Data missing or out of range,NA,NA,None,None,Data missing or out of range,Data missing or out of range,VOLKSWAGEN,CARAVELLE TDI LWB,NA,Male,None,No tow/articulation,Did not leave carriageway,0,U-turn,2,Van / Goods 3.5 tonnes mgw or under,Data missing or out of range,Offside,2004
200401DM00215,36 - 45,NA,Data missing or out of range,NA,NA,None,None,Data missing or out of range,Data missing or out of range,VOLVO,,NA,Male,None,No tow/articulation,Did not leave carriageway,0,Going ahead other,1,109,Data missing or out of range,Front,2004
200401DM00218,36 - 45,4,Urban area,5,124,Kerb,None,Data missing or out of range,Data missing or out of range,PIAGGIO,VESPA ET4,Petrol,Female,Skidded,No tow/articulation,Did not leave carriageway,0,Slowing or stopping,1,Motorcycle 125cc and under,Data missing or out of range,Nearside,2004
200401DM00219,46 - 55,7,Urban area,1,9600,None,None,Data missing or out of range,Data missing or out of range,VOLVO,,Heavy oil,Male,None,No tow/articulation,Did not leave carriageway,0,Slowing or stopping,1,Bus or coach (17 or more pass seats),Data missing or out of range,Did not impact,2004
200401DM00220,Data missing or out of range,5,Urban area,6,3199,None,None,Data missing or out of range,Data missing or out of range,MERCEDES,CLK 320 SPORT AUTO,Petrol,Male,None,No tow/articulation,Did not leave carriageway,0,Turning left,2,109,Data missing or out of range,Front,2004
200401DM00221,26 - 35,NA,Urban area,4,NA,None,None,Data missing or out of range,Data missing or out of range,RENAULT,,NA,Male,None,No tow/articulation,Did not leave carriageway,0,Turning left,2,109,Data missing or out of range,Did not impact,2004
200401DM00222,36 - 45,23,Small town,5,1045,None,None,Data missing or out of range,Data missing or out of range,MCW,,Heavy oil,Male,None,No tow/articulation,Did not leave carriageway,0,Waiting to go - held up,1,Bus or coach (17 or more pass seats),Data missing or out of range,Did not impact,2004
200401DM00223,36 - 45,7,Urban area,4,996,Parked vehicle,None,Data missing or out of range,Data missing or out of range,HONDA,,Petrol,Male,None,No tow/articulation,Did not leave carriageway,0,Going ahead right-hand bend,2,106,Data missing or out of range,Offside,2004
200401DM00224,56 - 65,3,Urban area,3,NA,None,None,Data missing or out of range,Data missing or out of range,DAF TRUCKS,,Heavy oil,Male,None,No tow/articulation,Did not leave carriageway,0,Going ahead other,1,Bus or coach (17 or more pass seats),Data missing or out of range,Nearside,2004
200401DM00226,46 - 55,1,Urban area,9,2402,None,None,Data missing or out of range,Data missing or out of range,LONDON TAXIS INT,TXII SILVER AUTO,Heavy oil,Male,None,No tow/articulation,Did not leave carriageway,0,Turning right,2,108,Data missing or out of range,Offside,2004
200401DM00227,56 - 65,2,Urban area,2,2402,None,None,Data missing or out of range,Data missing or out of range,LONDON TAXIS INT,TXII BRONZE AUTO,Heavy oil,Male,None,No tow/articulation,Did not leave carriageway,0,Going ahead other,1,108,Data missing or out of range,Front,2004
200401DM00230,21 - 25,NA,Urban area,5,NA,None,None,Data missing or out of range,Data missing or out of range,HONDA,SH50,NA,Male,None,No tow/articulation,Did not leave carriageway,0,Going ahead other,1,Motorcycle 50cc and under,Data missing or out of range,Front,2004
200401DM00231,36 - 45,3,Urban area,3,124,None,None,Data missing or out of range,Data missing or out of range,PIAGGIO,ZIP 125,Petrol,Male,None,No tow/articulation,Did not leave carriageway,0,Going ahead other,1,Motorcycle 125cc and under,Data missing or out of range,Front,2004
200401DM00235,26 - 35,NA,Data missing or out of range,NA,NA,None,None,Data missing or out of range,Data missing or out of range,VOLVO,,NA,Male,None,No tow/articulation,Did not leave carriageway,0,Going ahead other,2,109,Data missing or out of range,Offside,2004
200401DM00237,46 - 55,4,Urban area,4,500,None,None,Data missing or out of range,Data missing or out of range,HONDA,,Petrol,Male,None,No tow/articulation,Did not leave carriageway,0,Going ahead other,1,106,Data missing or out of range,Front,2004
200401DM00239,36 - 45,12,Urban area,2,1396,None,None,Data missing or out of range,Data missing or out of range,ROVER,414 SI,Petrol,Male,None,No tow/articulation,Did not leave carriageway,0,Turning left,1,109,Data missing or out of range,Offside,2004
200401DM00241,26 - 35,NA,Urban area,3,NA,None,None,Data missing or out of range,Data missing or out of range,LEYLAND AEC,,Heavy oil,Male,None,No tow/articulation,Did not leave carriageway,0,Going ahead other,1,Bus or coach (17 or more pass seats),Data missing or out of range,Did not impact,2004
200401DM00243,46 - 55,9,Urban area,7,3239,None,None,Data missing or out of range,Data missing or out of range,JAGUAR,XJ6 AUTO,Petrol,Male,None,No tow/articulation,Did not leave carriageway,0,Waiting to go - held up,1,109,Data missing or out of range,Back,2004
200401DM00243,36 - 45,NA,Urban area,5,1998,None,None,Data missing or out of range,Data missing or out of range,MAZDA,6 TS DIESEL,Heavy oil,Male,None,No tow/articulation,Did not leave carriageway,0,Going ahead right-hand bend,2,109,Data missing or out of range,Front,2004
200401DM00247,46 - 55,2,Urban area,10,2402,None,None,Data missing or out of range,Data missing or out of range,LONDON TAXIS INT,TXII SILVER AUTO,Heavy oil,Male,None,No tow/articulation,Did not leave carriageway,0,Waiting to go - held up,1,108,Data missing or out of range,Nearside,2004
200401DM00248,16 - 20,10,Urban area,8,1896,None,None,Data missing or out of range,Data missing or out of range,VOLKSWAGEN,GOLF CL TD UMWELT,Heavy oil,Male,None,No tow/articulation,Did not leave carriageway,0,Waiting to go - held up,1,109,Data missing or out of range,Back,2004
200401DM00248,36 - 45,6,Urban area,6,9600,None,None,Data missing or out of range,Data missing or out of range,VOLVO,,Heavy oil,Male,None,No tow/articulation,Did not leave carriageway,0,Waiting to go - held up,2,Bus or coach (17 or more pass seats),Data missing or out of range,Back,2004
200401DM00249,46 - 55,1,Urban area,2,8268,None,None,Data missing or out of range,Data missing or out of range,DENNIS,,Heavy oil,Male,None,No tow/articulation,Did not leave carriageway,0,Going ahead other,1,Bus or coach (17 or more pass seats),Data missing or out of range,Front,2004
200401DM00251,26 - 35,6,Urban area,5,2664,None,None,Data missing or out of range,Data missing or out of range,LONDON TAXIS INT,TX1 SILVER AUTO,Heavy oil,Male,None,No tow/articulation,Did not leave carriageway,0,Going ahead other,1,108,Data missing or out of range,Nearside,2004
200401DM00253,46 - 55,9,Urban area,1,5861,None,None,Data missing or out of range,Data missing or out of range,IVECO-FORD,,Heavy oil,Male,None,Articulated vehicle,Did not leave carriageway,0,Waiting to go - held up,1,Goods 7.5 tonnes mgw and over,Data missing or out of range,Offside,2004
200401DM00256,26 - 35,NA,Urban area,3,NA,None,None,Data missing or out of range,Data missing or out of range,PIAGGIO,ET2,NA,Male,None,No tow/articulation,Did not leave carriageway,0,Going ahead other,1,Motorcycle 50cc and under,Data missing or out of range,Front,2004
200401DM00258,56 - 65,2,Urban area,8,2664,None,None,Data missing or out of range,Data missing or out of range,LONDON TAXIS INT,TX1 SILVER AUTO,Heavy oil,Male,None,No tow/articulation,Did not leave carriageway,0,Moving off,1,108,Data missing or out of range,Offside,2004
200401DM00260,36 - 45,6,Urban area,2,1998,None,None,Data missing or out of range,Data missing or out of range,DAEWOO,NUBIRA CDX AUTO,Petrol,Male,None,No tow/articulation,Did not leave carriageway,0,Going ahead other,1,109,Data missing or out of range,Front,2004
200401DM00264,26 - 35,7,Data missing or out of range,NA,3498,None,None,Data missing or out of range,Data missing or out of range,BMW,735I AUTO,Petrol,Female,None,No tow/articulation,Did not leave carriageway,0,Going ahead other,2,109,Data missing or out of range,Front,2004
200401DM00265,21 - 25,7,Urban area,10,9600,None,None,Data missing or out of range,Data missing or out of range,VOLVO,,Heavy oil,Male,None,No tow/articulation,Did not leave carriageway,0,Slowing or stopping,1,Bus or coach (17 or more pass seats),Data missing or out of range,Did not impact,2004
200401DM00266,46 - 55,7,Urban area,3,1998,None,None,Data missing or out of range,Data missing or out of range,VAUXHALL,OMEGA 2.0 16V GLS AUTO,Petrol,Male,None,No tow/articulation,Did not leave carriageway,0,Turning right,1,109,Data missing or out of range,Nearside,2004
200401DM00267,26 - 35,3,Data missing or out of range,NA,600,None,None,Data missing or out of range,Data missing or out of range,KAWASAKI,,Petrol,Male,None,No tow/articulation,Did not leave carriageway,0,Overtaking moving vehicle - offside,1,106,Data missing or out of range,Front,2004
200401DM00268,26 - 35,11,Urban area,6,649,None,None,Data missing or out of range,Data missing or out of range,HONDA,,Petrol,Male,None,No tow/articulation,Did not leave carriageway,0,Going ahead other,1,106,Data missing or out of range,Front,2004
200401DM00269,36 - 45,3,Data missing or out of range,NA,2664,None,None,Data missing or out of range,Data missing or out of range,LONDON TAXIS INT,TX1 BRONZE AUTO,Heavy oil,Male,None,No tow/articulation,Did not leave carriageway,0,Going ahead other,2,108,Data missing or out of range,Offside,2004
200401DM00270,21 - 25,38,Urban area,5,NA,None,None,Data missing or out of range,Data missing or out of range,LEYLAND AEC,,Heavy oil,Male,None,No tow/articulation,Did not leave carriageway,0,Moving off,1,Bus or coach (17 or more pass seats),Data missing or out of range,Did not impact,2004
200401DM00272,26 - 35,2,Urban area,1,7300,None,None,Data missing or out of range,Data missing or out of range,VOLVO,,Heavy oil,Male,None,No tow/articulation,Did not leave carriageway,0,Turning right,1,Bus or coach (17 or more pass seats),Data missing or out of range,Did not impact,2004
200401DM00274,36 - 45,13,Urban area,3,1468,None,None,Data missing or out of range,Data missing or out of range,MITSUBISHI,LANCER GLX LIFTBACK A,Petrol,Male,None,No tow/articulation,Did not leave carriageway,0,Waiting to go - held up,1,109,Data missing or out of range,Back,2004
200401DM00275,26 - 35,1,Data missing or out of range,NA,8268,None,None,Data missing or out of range,Data missing or out of range,DENNIS,,Heavy oil,Male,None,No tow/articulation,Did not leave carriageway,0,Going ahead other,1,Bus or coach (17 or more pass seats),Data missing or out of range,Nearside,2004
200401DM00275,46 - 55,4,Urban area,5,2664,None,None,Data missing or out of range,Data missing or out of range,LONDON TAXIS INT,TX1 SILVER AUTO,Heavy oil,Male,None,No tow/articulation,Did not leave carriageway,0,Changing lane to right,2,108,Data missing or out of range,Offside,2004
200401DM00276,46 - 55,24,Urban area,3,744,None,None,Data missing or out of range,Data missing or out of range,TRIUMPH,,Petrol,Male,Skidded,No tow/articulation,Did not leave carriageway,0,Going ahead right-hand bend,1,106,Data missing or out of range,Did not impact,2004
200401DM00277,21 - 25,3,Urban area,8,49,None,None,Data missing or out of range,Data missing or out of range,SYM,FIDDLE 50,Petrol,Male,None,No tow/articulation,Did not leave carriageway,0,Going ahead other,1,Motorcycle 125cc and under,Data missing or out of range,Front,2004
200401DM00286,26 - 35,2,Urban area,4,50,None,None,Data missing or out of range,Data missing or out of range,PIAGGIO,ET2,Petrol,Male,Skidded,No tow/articulation,Did not leave carriageway,0,Going ahead other,1,Motorcycle 125cc and under,Data missing or out of range,Front,2004
200401DM00286,Data missing or out of range,4,Data missing or out of range,NA,1275,None,None,Data missing or out of range,Data missing or out of range,MORRIS,MARINA 1.3 DELUXE,Petrol,Male,None,No tow/articulation,Did not leave carriageway,0,Turning right,2,109,Data missing or out of range,Nearside,2004
200401DM00287,36 - 45,7,Urban area,5,535,None,None,Data missing or out of range,Data missing or out of range,YAMAHA,XV 535 S,Petrol,Male,None,No tow/articulation,Did not leave carriageway,0,Changing lane to right,1,106,Data missing or out of range,Back,2004
200401DM00287,36 - 45,37,Urban area,2,NA,None,None,Data missing or out of range,Data missing or out of range,LEYLAND AEC,,Heavy oil,Male,None,No tow/articulation,Did not leave carriageway,0,Going ahead other,2,Bus or coach (17 or more pass seats),Data missing or out of range,Front,2004
200401DM00292,56 - 65,2,Urban area,8,2402,None,None,Data missing or out of range,Data missing or out of range,LONDON TAXIS INT,TXII SILVER AUTO,Heavy oil,Male,None,No tow/articulation,Did not leave carriageway,0,Waiting to turn right,1,108,Data missing or out of range,Back,2004
200401DM00295,46 - 55,2,Urban area,2,2402,None,None,Data missing or out of range,Data missing or out of range,LONDON TAXIS INT,TXII SILVER AUTO,Heavy oil,Male,None,No tow/articulation,Did not leave carriageway,0,Going ahead other,1,108,Data missing or out of range,Offside,2004
200401DM00296,46 - 55,NA,Urban area,6,2402,None,None,Data missing or out of range,Data missing or out of range,LONDON TAXIS INT,TXII BRONZE AUTO,Heavy oil,Male,None,No tow/articulation,Did not leave carriageway,0,Overtaking static vehicle - offside,1,108,Data missing or out of range,Front,2004
200401DM00298,46 - 55,NA,Urban area,4,NA,None,None,Data missing or out of range,Data missing or out of range,PIAGGIO,ET2,NA,Male,None,No tow/articulation,Did not leave carriageway,0,Going ahead other,1,Motorcycle 50cc and under,Data missing or out of range,Offside,2004
200401DM00301,Data missing or out of range,7,Data missing or out of range,NA,2799,None,None,Data missing or out of range,Data missing or out of range,MERCEDES,E280 ELEGANCE A,Petrol,Male,None,No tow/articulation,Did not leave carriageway,0,Turning right,2,109,Data missing or out of range,Nearside,2004
200401DM00302,36 - 45,13,Urban area,6,2494,None,None,Data missing or out of range,Data missing or out of range,BMW,325 I SE AUTO,Petrol,Male,None,No tow/articulation,Did not leave carriageway,0,Turning right,1,109,Data missing or out of range,Offside,2004
200401DM00303,36 - 45,5,Urban area,1,NA,None,None,Data missing or out of range,Data missing or out of range,DENNIS,,Heavy oil,Male,None,No tow/articulation,Did not leave carriageway,0,Changing lane to right,2,Bus or coach (17 or more pass seats),Data missing or out of range,Offside,2004
200401DM00305,36 - 45,8,Urban area,8,5700,None,None,Data missing or out of range,Data missing or out of range,CHEVROLET GMC,,Petrol,Male,None,No tow/articulation,Did not leave carriageway,0,Going ahead right-hand bend,2,Van / Goods 3.5 tonnes mgw or under,Data missing or out of range,Offside,2004
200401DM00306,36 - 45,2,Urban area,10,2463,None,None,Data missing or out of range,Data missing or out of range,VAUXHALL,MOVANO DTI 3500 LWB,Heavy oil,Male,None,No tow/articulation,Did not leave carriageway,0,Going ahead other,2,Van / Goods 3.5 tonnes mgw or under,Data missing or out of range,Front,2004
200401DM00307,26 - 35,37,Data missing or out of range,NA,NA,None,None,Data missing or out of range,Data missing or out of range,LEYLAND AEC,,Heavy oil,Male,None,No tow/articulation,Did not leave carriageway,0,Moving off,1,Bus or coach (17 or more pass seats),Data missing or out of range,Did not impact,2004
200401DM00308,26 - 35,40,Urban area,4,8100,None,None,Data missing or out of range,Data missing or out of range,LEYLAND AEC,,Heavy oil,Male,None,No tow/articulation,Did not leave carriageway,0,Going ahead other,1,Bus or coach (17 or more pass seats),Data missing or out of range,Did not impact,2004
200401DM00311,26 - 35,6,Urban area,8,599,None,None,Data missing or out of range,Data missing or out of range,HONDA,CB600 HORNET,Petrol,Male,None,No tow/articulation,Did not leave carriageway,0,Going ahead other,1,106,Data missing or out of range,Front,2004
200401DM00315,26 - 35,6,Urban area,9,2664,None,None,Data missing or out of range,Data missing or out of range,LONDON TAXIS INT,TX1 SILVER AUTO,Heavy oil,Male,None,No tow/articulation,Did not leave carriageway,0,Moving off,2,108,Data missing or out of range,Offside,2004
200401DM00316,26 - 35,1,Urban area,6,125,None,None,Data missing or out of range,Data missing or out of range,PIAGGIO,,Petrol,Male,None,No tow/articulation,Did not leave carriageway,0,Going ahead other,1,Motorcycle 125cc and under,Data missing or out of range,Nearside,2004
200401DM00318,36 - 45,NA,Data missing or out of range,NA,1364,None,None,Data missing or out of range,Data missing or out of range,VAUXHALL,CORSA SRI 16V TWINPORT,Petrol,Male,None,No tow/articulation,Did not leave carriageway,0,Turning right,1,109,Data missing or out of range,Front,2004
200401DM00319,21 - 25,NA,Urban area,3,NA,None,None,Data missing or out of range,Data missing or out of range,PIAGGIO,VESPA GT 125,NA,Male,None,No tow/articulation,Did not leave carriageway,0,Going ahead other,1,Bus or coach (17 or more pass seats),Data missing or out of range,Front,2004
200401DM00320,36 - 45,8,Urban area,1,1590,None,None,Data missing or out of range,Data missing or out of range,HONDA,,Petrol,Male,None,No tow/articulation,Did not leave carriageway,0,Going ahead other,1,109,Data missing or out of range,Front,2004
200401DM00320,36 - 45,NA,Urban area,6,NA,None,None,Data missing or out of range,Data missing or out of range,SCANIA,,NA,Male,None,No tow/articulation,Did not leave carriageway,0,Going ahead other,2,Goods 7.5 tonnes mgw and over,Data missing or out of range,Offside,2004
200401DM00322,26 - 35,4,Urban area,4,11500,None,None,Data missing or out of range,Data missing or out of range,DENNIS,,Heavy oil,Male,None,No tow/articulation,Did not leave carriageway,0,Going ahead other,1,Bus or coach (17 or more pass seats),Data missing or out of range,Front,2004
200401DM00323,26 - 35,39,Data missing or out of range,NA,NA,None,None,Data missing or out of range,Data missing or out of range,LEYLAND AEC,,Heavy oil,Female,None,No tow/articulation,Did not leave carriageway,0,Going ahead other,1,Bus or coach (17 or more pass seats),Data missing or out of range,Did not impact,2004
200401DM00330,Data missing or out of range,5,Data missing or out of range,NA,3996,None,None,Data missing or out of range,Data missing or out of range,JAGUAR,XK8 CONVERTIBLE AUTO,Petrol,Female,None,No tow/articulation,Did not leave carriageway,0,Turning right,1,109,Data missing or out of range,Offside,2004
200401DM00335,Data missing or out of range,7,Data missing or out of range,NA,1796,None,None,Data missing or out of range,Data missing or out of range,MG,MGF 1.8I VVC,Petrol,Not known,None,No tow/articulation,Did not leave carriageway,0,Going ahead right-hand bend,1,109,Data missing or out of range,Front,2004
200401DM00336,26 - 35,3,Urban area,2,7300,None,None,Data missing or out of range,Data missing or out of range,VOLVO,,Heavy oil,Male,None,No tow/articulation,Did not leave carriageway,0,Slowing or stopping,1,Bus or coach (17 or more pass seats),Data missing or out of range,Did not impact,2004
200401DM00339,Data missing or out of range,2,Data missing or out of range,NA,2402,None,None,Data missing or out of range,Data missing or out of range,LONDON TAXIS INT,TXII BRONZE AUTO,Heavy oil,Male,None,No tow/articulation,Did not leave carriageway,0,Going ahead other,2,108,Data missing or out of range,Front,2004
200401DM00340,26 - 35,7,Urban area,3,1900,None,None,Data missing or out of range,Data missing or out of range,CITROEN,,Heavy oil,Male,None,No tow/articulation,Did not leave carriageway,0,Waiting to go - held up,1,Van / Goods 3.5 tonnes mgw or under,Data missing or out of range,Back,2004
200401DM00340,Data missing or out of range,10,Data missing or out of range,NA,1991,None,None,Data missing or out of range,Data missing or out of range,BMW,520I SE TOURING A,Petrol,Male,None,No tow/articulation,Did not leave carriageway,0,Going ahead other,2,109,Data missing or out of range,Front,2004
200401DM00342,26 - 35,14,Urban area,4,1781,None,None,Data missing or out of range,Data missing or out of range,VOLKSWAGEN,GOLF GL 4+E 1.8,Petrol,Male,Skidded,No tow/articulation,Did not leave carriageway,0,Going ahead other,1,109,Data missing or out of range,Front,2004
200401DM00343,26 - 35,NA,Urban area,9,NA,None,None,Data missing or out of range,Data missing or out of range,PEUGEOT,BOXER 350 LWB,NA,Male,None,No tow/articulation,Did not leave carriageway,0,Waiting to go - held up,1,109,Data missing or out of range,Offside,2004
200401DM00347,26 - 35,3,Urban area,5,2664,None,None,Data missing or out of range,Data missing or out of range,LONDON TAXIS INT,TX1 SILVER AUTO,Heavy oil,Male,None,No tow/articulation,Did not leave carriageway,0,Going ahead other,1,108,Data missing or out of range,Nearside,2004
200401DM00347,26 - 35,2,Data missing or out of range,NA,1998,None,None,Data missing or out of range,Data missing or out of range,MERCEDES,E200 CLASSIC KOMPRESSOR A,Petrol,Male,None,No tow/articulation,Did not leave carriageway,0,Changing lane to right,2,109,Data missing or out of range,Offside,2004
200401DM00348,36 - 45,1,Urban area,2,6370,None,None,Data missing or out of range,Data missing or out of range,MERCEDES,,Heavy oil,Male,None,No tow/articulation,Did not leave carriageway,0,Going ahead other,1,Bus or coach (17 or more pass seats),Data missing or out of range,Did not impact,2004
200401DM00349,36 - 45,3,Urban area,2,1598,None,None,Data missing or out of range,Data missing or out of range,MERCEDES,A160 AVANTGARDE AUTO,Petrol,Male,None,No tow/articulation,Did not leave carriageway,0,Turning right,2,109,Data missing or out of range,Front,2004
200401DM00351,36 - 45,3,Urban area,2,1868,None,None,Data missing or out of range,Data missing or out of range,CITROEN,BERLINGO 1.9D 600,Heavy oil,Male,None,No tow/articulation,Did not leave carriageway,0,Turning right,2,Van / Goods 3.5 tonnes mgw or under,Data missing or out of range,Offside,2004
200401DM00352,26 - 35,2,Urban area,3,883,None,None,Data missing or out of range,Data missing or out of range,HARLEY-DAVIDSON,,Petrol,Female,None,No tow/articulation,Did not leave carriageway,0,Going ahead other,2,106,Data missing or out of range,Offside,2004
200401DM00352,16 - 20,4,Urban area,3,49,None,None,Data missing or out of range,Data missing or out of range,PEUGEOT,VIVACITY 50,Petrol,Male,None,No tow/articulation,Did not leave carriageway,0,Going ahead other,3,Motorcycle 125cc and under,Data missing or out of range,Front,2004
200401DM00355,21 - 25,1,Urban area,1,8268,None,None,Data missing or out of range,Data missing or out of range,DENNIS,,Heavy oil,Male,None,No tow/articulation,Did not leave carriageway,0,Going ahead other,1,Bus or coach (17 or more pass seats),Data missing or out of range,Front,2004
200401DM00359,36 - 45,4,Urban area,2,2800,None,None,Data missing or out of range,Data missing or out of range,IVECO,,Heavy oil,Male,None,No tow/articulation,Did not leave carriageway,0,Going ahead other,1,Van / Goods 3.5 tonnes mgw or under,Data missing or out of range,Front,2004
200401DM00360,Data missing or out of range,2,Urban area,9,8268,None,None,Data missing or out of range,Data missing or out of range,DENNIS,,Heavy oil,Male,Skidded,No tow/articulation,Did not leave carriageway,0,Overtaking static vehicle - offside,1,Bus or coach (17 or more pass seats),Data missing or out of range,Back,2004
200401DM00361,Data missing or out of range,3,Data missing or out of range,NA,2402,None,None,Data missing or out of range,Data missing or out of range,FORD,TRANSIT 330 MWB TD,Heavy oil,Not known,None,No tow/articulation,Did not leave carriageway,0,Overtaking moving vehicle - offside,1,Van / Goods 3.5 tonnes mgw or under,Data missing or out of range,Nearside,2004
200401DM00362,36 - 45,8,Urban area,2,1753,None,None,Data missing or out of range,Data missing or out of range,FORD,ESCORT L D,Heavy oil,Male,None,No tow/articulation,Did not leave carriageway,0,Going ahead left-hand bend,1,109,Data missing or out of range,Offside,2004
200401DM00366,21 - 25,1,Urban area,5,8268,None,None,Data missing or out of range,Data missing or out of range,DENNIS,,Heavy oil,Male,None,No tow/articulation,Did not leave carriageway,0,Going ahead other,1,Bus or coach (17 or more pass seats),Data missing or out of range,Front,2004
200401DM00375,Data missing or out of range,15,Data missing or out of range,NA,1289,None,None,Data missing or out of range,Data missing or out of range,SKODA,136 RAPID,Petrol,Male,None,No tow/articulation,Did not leave carriageway,0,Changing lane to left,2,109,Data missing or out of range,Nearside,2004
200401DM00378,26 - 35,6,Urban area,6,1830,None,None,Data missing or out of range,Data missing or out of range,MAZDA,,Petrol,Male,None,No tow/articulation,Did not leave carriageway,0,Going ahead other,1,109,Data missing or out of range,Nearside,2004
200401DM00380,26 - 35,14,Urban area,1,1297,None,None,Data missing or out of range,Data missing or out of range,FORD,ESCORT POPULAR PLUS D,Petrol,Male,None,No tow/articulation,Did not leave carriageway,0,Going ahead other,2,109,Data missing or out of range,Front,2004
200401DM00382,46 - 55,17,Urban area,3,1955,None,None,Data missing or out of range,Data missing or out of range,HONDA,ACCORD AT,Petrol,Male,None,No tow/articulation,Did not leave carriageway,0,Parked,1,109,Data missing or out of range,Offside,2004
200401DM00384,26 - 35,4,Urban area,3,125,Parked vehicle,None,Data missing or out of range,Data missing or out of range,KTM,,Petrol,Male,None,No tow/articulation,Did not leave carriageway,0,Going ahead other,1,Motorcycle 125cc and under,Data missing or out of range,Front,2004
200401DM00384,Data missing or out of range,10,Data missing or out of range,NA,2496,None,None,Data missing or out of range,Data missing or out of range,FORD,TRANSIT 100D LWB,Heavy oil,Not known,None,No tow/articulation,Did not leave carriageway,0,Parked,2,Van / Goods 3.5 tonnes mgw or under,Data missing or out of range,Offside,2004
200401DM00386,36 - 45,3,Urban area,6,124,None,None,Data missing or out of range,Data missing or out of range,PIAGGIO,VESPA ET4,Petrol,Male,None,No tow/articulation,Did not leave carriageway,0,Going ahead other,1,Motorcycle 125cc and under,Data missing or out of range,Offside,2004
200401DM00387,Data missing or out of range,1,Urban area,6,1998,None,None,Data missing or out of range,Data missing or out of range,FORD,TRANSIT 280 SWB TD,Heavy oil,Male,None,No tow/articulation,Did not leave carriageway,0,Turning right,2,Van / Goods 3.5 tonnes mgw or under,Data missing or out of range,Front,2004
200401DM00389,21 - 25,14,Urban area,5,1118,None,None,Data missing or out of range,Data missing or out of range,ROVER,METRO L,Petrol,Male,None,No tow/articulation,Did not leave carriageway,0,Turning left,2,109,Data missing or out of range,Offside,2004
200401DM00390,36 - 45,17,Urban area,NA,2962,None,None,Data missing or out of range,Data missing or out of range,MERCEDES,300 TE AUTO,Petrol,Male,None,No tow/articulation,Did not leave carriageway,0,Turning right,1,109,Data missing or out of range,Nearside,2004
200401DM00391,36 - 45,2,Data missing or out of range,NA,49,None,None,Data missing or out of range,Data missing or out of range,TAIWAN GOLDEN BEE,,Petrol,Male,None,No tow/articulation,Did not leave carriageway,0,Going ahead other,1,Motorcycle 125cc and under,Data missing or out of range,Offside,2004
200401DM00392,56 - 65,8,Urban area,NA,1781,None,None,Data missing or out of range,Data missing or out of range,AUDI,A6 1.8 AUTO,Petrol,Male,None,No tow/articulation,Did not leave carriageway,0,Waiting to go - held up,1,109,Data missing or out of range,Back,2004
